Transaction ID,Invoice ID,Date,Time,Customer ID,Customer Type,Gender,Product ID,Product Name,Product Category,Unit Price,Quantity,Tax,Discount,Total Sales,Final Amount,Payment Method,Branch,City,Sales Executive,Customer Rating
TRX-80001,INV-2026-10001,2026-05-28,13:31,CUST-1025,Normal,Male,PRD-13,"Aroma Diffuser Ambient LED","Home and Lifestyle",48.00,3,7.20,0.00,144.00,151.20,Ewallet,Branch B,Mandalay,"David Kim",4.2
TRX-80002,INV-2026-10002,2026-06-12,18:38,CUST-1208,Member,Female,PRD-15,"Egyptian Cotton Bath Towel Set","Home and Lifestyle",52.00,7,18.20,29.12,364.00,353.08,Credit card,Branch B,Mandalay,"Aisha Patel",4.2
TRX-80003,INV-2026-10003,2026-06-06,13:21,CUST-1084,Normal,Female,PRD-04,"Bamboo Charcoal Toothpaste Pack","Health and Beauty",12.00,3,1.80,0.00,36.00,37.80,Ewallet,Branch C,Naypyitaw,"Marcus Vance",3.7
TRX-80004,INV-2026-10004,2026-07-23,10:23,CUST-1394,Normal,Female,PRD-15,"Egyptian Cotton Bath Towel Set","Home and Lifestyle",52.00,8,20.80,0.00,416.00,436.80,Ewallet,Branch C,Naypyitaw,"Marcus Vance",3.7
TRX-80005,INV-2026-10005,2026-08-23,16:47,CUST-1129,Normal,Male,PRD-04,"Bamboo Charcoal Toothpaste Pack","Health and Beauty",12.00,7,4.20,0.00,84.00,88.20,Cash,Branch B,Mandalay,"David Kim",3.3
TRX-80006,INV-2026-10006,2026-06-28,14:24,CUST-1316,Member,Male,PRD-33,"Stainless Steel Mesh Watch","Fashion Accessories",89.00,8,35.60,56.96,712.00,690.64,Credit card,Branch A,Yangon,"Emily Chen",4.6
TRX-80007,INV-2026-10007,2026-09-19,15:23,CUST-1238,Member,Female,PRD-21,"Lightweight Packable Daypack 25L","Sports and Travel",44.00,1,2.20,3.52,44.00,42.68,Ewallet,Branch A,Yangon,"Emily Chen",3.8
TRX-80008,INV-2026-10008,2026-04-16,13:40,CUST-1109,Normal,Female,PRD-26,"Ceremonial Grade Matcha Powder","Food and Beverages",27.00,7,9.45,0.00,189.00,198.45,Cash,Branch C,Naypyitaw,"Marcus Vance",5.0
TRX-80009,INV-2026-10009,2026-06-09,11:31,CUST-1129,Member,Male,PRD-27,"Extra Virgin Cold Pressed Olive Oil","Food and Beverages",22.50,6,6.75,10.80,135.00,130.95,Credit card,Branch A,Yangon,"Emily Chen",3.8
TRX-80010,INV-2026-10010,2026-06-10,12:18,CUST-1242,Member,Male,PRD-08,"Active Noise Cancelling Earbuds","Electronic Accessories",79.99,8,32.00,0.00,639.92,671.92,Ewallet,Branch A,Yangon,"Sarah Jenkins",3.6
TRX-80011,INV-2026-10011,2026-06-03,15:16,CUST-1286,Member,Female,PRD-08,"Active Noise Cancelling Earbuds","Electronic Accessories",79.99,1,4.00,6.40,79.99,77.59,Cash,Branch C,Naypyitaw,"Marcus Vance",4.9
TRX-80012,INV-2026-10012,2026-05-29,11:27,CUST-1028,Member,Female,PRD-08,"Active Noise Cancelling Earbuds","Electronic Accessories",79.99,1,4.00,6.40,79.99,77.59,Cash,Branch B,Mandalay,"Aisha Patel",4.9
TRX-80013,INV-2026-10013,2026-09-02,10:16,CUST-1444,Member,Male,PRD-14,"Stainless Steel Pour-Over Kettle","Home and Lifestyle",36.50,1,1.83,2.92,36.50,35.41,Ewallet,Branch B,Mandalay,"David Kim",4.0
TRX-80014,INV-2026-10014,2026-05-18,11:06,CUST-1265,Member,Female,PRD-03,"Vitamin C Brightening Cleanser","Health and Beauty",19.50,2,1.95,3.12,39.00,37.83,Cash,Branch A,Yangon,"Emily Chen",4.8
TRX-80015,INV-2026-10015,2026-04-22,16:03,CUST-1069,Normal,Female,PRD-31,"Polarized UV400 Sunglasses","Fashion Accessories",46.00,1,2.30,0.00,46.00,48.30,Cash,Branch C,Naypyitaw,"Marcus Vance",5.0
TRX-80016,INV-2026-10016,2026-06-29,18:21,CUST-1159,Normal,Female,PRD-09,"Braided 65W Fast USB-C Cable","Electronic Accessories",14.50,3,2.18,0.00,43.50,45.68,Cash,Branch A,Yangon,"Emily Chen",3.3
TRX-80017,INV-2026-10017,2026-05-18,10:40,CUST-1141,Normal,Male,PRD-19,"Vacuum Insulated Water Bottle 1L","Sports and Travel",29.50,3,4.42,0.00,88.50,92.92,Ewallet,Branch A,Yangon,"Sarah Jenkins",4.2
TRX-80018,INV-2026-10018,2026-08-31,10:00,CUST-1356,Member,Female,PRD-07,"Magnetic Wireless Charging Pad","Electronic Accessories",38.00,2,3.80,0.00,76.00,79.80,Cash,Branch B,Mandalay,"Aisha Patel",4.0
TRX-80019,INV-2026-10019,2026-05-12,10:22,CUST-1218,Member,Female,PRD-32,"Genuine Leather Minimalist Wallet","Fashion Accessories",39.00,5,9.75,15.60,195.00,189.15,Cash,Branch C,Naypyitaw,"Marcus Vance",3.6
TRX-80020,INV-2026-10020,2026-07-15,12:14,CUST-1377,Member,Female,PRD-14,"Stainless Steel Pour-Over Kettle","Home and Lifestyle",36.50,1,1.83,0.00,36.50,38.33,Credit card,Branch C,Naypyitaw,"Marcus Vance",4.3
TRX-80021,INV-2026-10021,2026-05-11,12:35,CUST-1281,Normal,Female,PRD-21,"Lightweight Packable Daypack 25L","Sports and Travel",44.00,1,2.20,0.00,44.00,46.20,Credit card,Branch A,Yangon,"Sarah Jenkins",4.7
TRX-80022,INV-2026-10022,2026-07-12,15:32,CUST-1003,Normal,Female,PRD-04,"Bamboo Charcoal Toothpaste Pack","Health and Beauty",12.00,5,3.00,0.00,60.00,63.00,Credit card,Branch A,Yangon,"Sarah Jenkins",3.6
TRX-80023,INV-2026-10023,2026-09-09,17:45,CUST-1013,Member,Male,PRD-26,"Ceremonial Grade Matcha Powder","Food and Beverages",27.00,1,1.35,0.00,27.00,28.35,Cash,Branch C,Naypyitaw,"Marcus Vance",4.2
TRX-80024,INV-2026-10024,2026-07-04,11:36,CUST-1339,Member,Male,PRD-08,"Active Noise Cancelling Earbuds","Electronic Accessories",79.99,3,12.00,19.20,239.97,232.77,Credit card,Branch B,Mandalay,"David Kim",4.2
TRX-80025,INV-2026-10025,2026-08-04,14:46,CUST-1310,Member,Female,PRD-25,"Artisan Dark Roast Coffee Beans 500g","Food and Beverages",18.50,8,7.40,0.00,148.00,155.40,Ewallet,Branch B,Mandalay,"David Kim",3.4
TRX-80026,INV-2026-10026,2026-06-21,18:01,CUST-1109,Normal,Male,PRD-31,"Polarized UV400 Sunglasses","Fashion Accessories",46.00,2,4.60,0.00,92.00,96.60,Cash,Branch A,Yangon,"Emily Chen",3.7
TRX-80027,INV-2026-10027,2026-04-20,09:47,CUST-1009,Member,Male,PRD-10,"Multi-Port USB 3.0 Hub","Electronic Accessories",45.00,1,2.25,3.60,45.00,43.65,Ewallet,Branch C,Naypyitaw,"Marcus Vance",3.5
TRX-80028,INV-2026-10028,2026-05-07,10:28,CUST-1277,Normal,Female,PRD-15,"Egyptian Cotton Bath Towel Set","Home and Lifestyle",52.00,2,5.20,0.00,104.00,109.20,Ewallet,Branch A,Yangon,"Sarah Jenkins",4.5
TRX-80029,INV-2026-10029,2026-05-07,09:13,CUST-1314,Normal,Male,PRD-03,"Vitamin C Brightening Cleanser","Health and Beauty",19.50,8,7.80,0.00,156.00,163.80,Ewallet,Branch C,Naypyitaw,"Marcus Vance",4.3
TRX-80030,INV-2026-10030,2026-09-13,17:40,CUST-1063,Normal,Male,PRD-21,"Lightweight Packable Daypack 25L","Sports and Travel",44.00,5,11.00,0.00,220.00,231.00,Cash,Branch A,Yangon,"Emily Chen",4.1
TRX-80031,INV-2026-10031,2026-04-20,12:30,CUST-1206,Normal,Male,PRD-20,"High-Density Non-Slip Yoga Mat","Sports and Travel",35.00,1,1.75,0.00,35.00,36.75,Ewallet,Branch B,Mandalay,"Aisha Patel",4.5
TRX-80032,INV-2026-10032,2026-07-10,20:40,CUST-1105,Member,Female,PRD-20,"High-Density Non-Slip Yoga Mat","Sports and Travel",35.00,8,14.00,22.40,280.00,271.60,Cash,Branch A,Yangon,"Sarah Jenkins",4.8
TRX-80033,INV-2026-10033,2026-06-15,20:35,CUST-1378,Member,Male,PRD-21,"Lightweight Packable Daypack 25L","Sports and Travel",44.00,6,13.20,0.00,264.00,277.20,Credit card,Branch A,Yangon,"Emily Chen",3.7
TRX-80034,INV-2026-10034,2026-05-30,13:07,CUST-1271,Member,Male,PRD-32,"Genuine Leather Minimalist Wallet","Fashion Accessories",39.00,4,7.80,12.48,156.00,151.32,Credit card,Branch C,Naypyitaw,"Marcus Vance",4.5
TRX-80035,INV-2026-10035,2026-06-28,20:46,CUST-1482,Normal,Female,PRD-25,"Artisan Dark Roast Coffee Beans 500g","Food and Beverages",18.50,4,3.70,0.00,74.00,77.70,Cash,Branch B,Mandalay,"David Kim",4.7
TRX-80036,INV-2026-10036,2026-04-23,18:49,CUST-1469,Member,Male,PRD-03,"Vitamin C Brightening Cleanser","Health and Beauty",19.50,5,4.88,7.80,97.50,94.58,Ewallet,Branch A,Yangon,"Emily Chen",3.9
TRX-80037,INV-2026-10037,2026-09-01,16:31,CUST-1197,Member,Male,PRD-21,"Lightweight Packable Daypack 25L","Sports and Travel",44.00,3,6.60,10.56,132.00,128.04,Cash,Branch A,Yangon,"Emily Chen",3.3
TRX-80038,INV-2026-10038,2026-07-13,15:17,CUST-1327,Member,Male,PRD-15,"Egyptian Cotton Bath Towel Set","Home and Lifestyle",52.00,6,15.60,24.96,312.00,302.64,Ewallet,Branch B,Mandalay,"Aisha Patel",3.7
TRX-80039,INV-2026-10039,2026-04-24,17:01,CUST-1102,Member,Male,PRD-27,"Extra Virgin Cold Pressed Olive Oil","Food and Beverages",22.50,7,7.88,0.00,157.50,165.38,Credit card,Branch A,Yangon,"Sarah Jenkins",4.5
TRX-80040,INV-2026-10040,2026-05-11,13:54,CUST-1104,Member,Male,PRD-27,"Extra Virgin Cold Pressed Olive Oil","Food and Beverages",22.50,7,7.88,0.00,157.50,165.38,Ewallet,Branch B,Mandalay,"David Kim",4.0
TRX-80041,INV-2026-10041,2026-08-07,16:13,CUST-1450,Member,Female,PRD-20,"High-Density Non-Slip Yoga Mat","Sports and Travel",35.00,8,14.00,22.40,280.00,271.60,Credit card,Branch C,Naypyitaw,"Marcus Vance",3.6
TRX-80042,INV-2026-10042,2026-08-21,20:51,CUST-1437,Member,Male,PRD-10,"Multi-Port USB 3.0 Hub","Electronic Accessories",45.00,8,18.00,28.80,360.00,349.20,Cash,Branch B,Mandalay,"David Kim",4.1
TRX-80043,INV-2026-10043,2026-07-29,11:48,CUST-1075,Member,Male,PRD-21,"Lightweight Packable Daypack 25L","Sports and Travel",44.00,6,13.20,0.00,264.00,277.20,Credit card,Branch A,Yangon,"Emily Chen",3.8
TRX-80044,INV-2026-10044,2026-05-02,14:37,CUST-1018,Normal,Female,PRD-21,"Lightweight Packable Daypack 25L","Sports and Travel",44.00,4,8.80,0.00,176.00,184.80,Credit card,Branch B,Mandalay,"David Kim",3.8
TRX-80045,INV-2026-10045,2026-08-12,17:54,CUST-1459,Member,Male,PRD-04,"Bamboo Charcoal Toothpaste Pack","Health and Beauty",12.00,8,4.80,7.68,96.00,93.12,Credit card,Branch B,Mandalay,"Aisha Patel",3.3
TRX-80046,INV-2026-10046,2026-05-26,16:07,CUST-1160,Member,Female,PRD-27,"Extra Virgin Cold Pressed Olive Oil","Food and Beverages",22.50,2,2.25,3.60,45.00,43.65,Ewallet,Branch B,Mandalay,"Aisha Patel",4.0
TRX-80047,INV-2026-10047,2026-06-01,19:13,CUST-1220,Normal,Male,PRD-31,"Polarized UV400 Sunglasses","Fashion Accessories",46.00,4,9.20,0.00,184.00,193.20,Credit card,Branch B,Mandalay,"David Kim",4.7
TRX-80048,INV-2026-10048,2026-04-21,13:25,CUST-1346,Member,Female,PRD-20,"High-Density Non-Slip Yoga Mat","Sports and Travel",35.00,8,14.00,22.40,280.00,271.60,Cash,Branch A,Yangon,"Sarah Jenkins",4.6
TRX-80049,INV-2026-10049,2026-04-19,14:42,CUST-1230,Normal,Female,PRD-26,"Ceremonial Grade Matcha Powder","Food and Beverages",27.00,5,6.75,0.00,135.00,141.75,Cash,Branch C,Naypyitaw,"Marcus Vance",4.3
TRX-80050,INV-2026-10050,2026-07-10,09:27,CUST-1238,Member,Female,PRD-31,"Polarized UV400 Sunglasses","Fashion Accessories",46.00,1,2.30,3.68,46.00,44.62,Credit card,Branch B,Mandalay,"Aisha Patel",4.2
TRX-80051,INV-2026-10051,2026-04-23,11:28,CUST-1305,Normal,Male,PRD-19,"Vacuum Insulated Water Bottle 1L","Sports and Travel",29.50,3,4.42,0.00,88.50,92.92,Credit card,Branch A,Yangon,"Emily Chen",4.3
TRX-80052,INV-2026-10052,2026-07-24,12:19,CUST-1378,Member,Female,PRD-33,"Stainless Steel Mesh Watch","Fashion Accessories",89.00,7,31.15,0.00,623.00,654.15,Cash,Branch B,Mandalay,"Aisha Patel",3.6
TRX-80053,INV-2026-10053,2026-05-12,09:07,CUST-1272,Normal,Male,PRD-27,"Extra Virgin Cold Pressed Olive Oil","Food and Beverages",22.50,3,3.38,0.00,67.50,70.88,Credit card,Branch A,Yangon,"Emily Chen",4.1
TRX-80054,INV-2026-10054,2026-05-07,10:58,CUST-1058,Member,Male,PRD-20,"High-Density Non-Slip Yoga Mat","Sports and Travel",35.00,2,3.50,5.60,70.00,67.90,Credit card,Branch C,Naypyitaw,"Marcus Vance",4.6
TRX-80055,INV-2026-10055,2026-07-09,12:57,CUST-1444,Normal,Female,PRD-09,"Braided 65W Fast USB-C Cable","Electronic Accessories",14.50,6,4.35,0.00,87.00,91.35,Credit card,Branch A,Yangon,"Sarah Jenkins",4.2
TRX-80056,INV-2026-10056,2026-07-12,16:20,CUST-1160,Normal,Male,PRD-09,"Braided 65W Fast USB-C Cable","Electronic Accessories",14.50,5,3.63,0.00,72.50,76.13,Ewallet,Branch A,Yangon,"Sarah Jenkins",3.6
TRX-80057,INV-2026-10057,2026-06-23,10:09,CUST-1196,Member,Female,PRD-28,"Raw Organic Wildflower Honey 1kg","Food and Beverages",19.00,1,0.95,1.52,19.00,18.43,Cash,Branch B,Mandalay,"Aisha Patel",4.3
TRX-80058,INV-2026-10058,2026-08-04,10:31,CUST-1107,Member,Female,PRD-28,"Raw Organic Wildflower Honey 1kg","Food and Beverages",19.00,3,2.85,0.00,57.00,59.85,Ewallet,Branch B,Mandalay,"Aisha Patel",4.6
TRX-80059,INV-2026-10059,2026-08-09,14:40,CUST-1460,Normal,Female,PRD-02,"Hydrating Face Cream SPF 30","Health and Beauty",28.00,2,2.80,0.00,56.00,58.80,Credit card,Branch A,Yangon,"Emily Chen",4.4
TRX-80060,INV-2026-10060,2026-08-11,16:18,CUST-1483,Member,Male,PRD-32,"Genuine Leather Minimalist Wallet","Fashion Accessories",39.00,2,3.90,0.00,78.00,81.90,Cash,Branch B,Mandalay,"Aisha Patel",4.9
TRX-80061,INV-2026-10061,2026-08-13,09:59,CUST-1126,Normal,Male,PRD-14,"Stainless Steel Pour-Over Kettle","Home and Lifestyle",36.50,2,3.65,0.00,73.00,76.65,Cash,Branch A,Yangon,"Sarah Jenkins",3.2
TRX-80062,INV-2026-10062,2026-06-01,11:34,CUST-1015,Member,Female,PRD-01,"Organic Argan Hair Serum","Health and Beauty",34.50,5,8.63,0.00,172.50,181.13,Credit card,Branch A,Yangon,"Emily Chen",3.8
TRX-80063,INV-2026-10063,2026-05-27,16:38,CUST-1324,Normal,Female,PRD-04,"Bamboo Charcoal Toothpaste Pack","Health and Beauty",12.00,7,4.20,0.00,84.00,88.20,Credit card,Branch C,Naypyitaw,"Marcus Vance",4.2
TRX-80064,INV-2026-10064,2026-09-06,15:49,CUST-1230,Normal,Male,PRD-13,"Aroma Diffuser Ambient LED","Home and Lifestyle",48.00,3,7.20,0.00,144.00,151.20,Cash,Branch B,Mandalay,"Aisha Patel",4.8
TRX-80065,INV-2026-10065,2026-06-27,19:15,CUST-1169,Normal,Male,PRD-08,"Active Noise Cancelling Earbuds","Electronic Accessories",79.99,4,16.00,0.00,319.96,335.96,Cash,Branch A,Yangon,"Sarah Jenkins",4.7
TRX-80066,INV-2026-10066,2026-06-06,15:11,CUST-1388,Normal,Male,PRD-10,"Multi-Port USB 3.0 Hub","Electronic Accessories",45.00,3,6.75,0.00,135.00,141.75,Cash,Branch C,Naypyitaw,"Marcus Vance",3.9
TRX-80067,INV-2026-10067,2026-08-04,11:44,CUST-1356,Normal,Male,PRD-19,"Vacuum Insulated Water Bottle 1L","Sports and Travel",29.50,7,10.33,0.00,206.50,216.83,Ewallet,Branch A,Yangon,"Emily Chen",4.2
TRX-80068,INV-2026-10068,2026-05-13,09:00,CUST-1263,Normal,Female,PRD-26,"Ceremonial Grade Matcha Powder","Food and Beverages",27.00,4,5.40,0.00,108.00,113.40,Cash,Branch B,Mandalay,"Aisha Patel",4.9
TRX-80069,INV-2026-10069,2026-05-01,11:31,CUST-1127,Normal,Female,PRD-25,"Artisan Dark Roast Coffee Beans 500g","Food and Beverages",18.50,2,1.85,0.00,37.00,38.85,Ewallet,Branch A,Yangon,"Emily Chen",3.5
TRX-80070,INV-2026-10070,2026-04-15,10:34,CUST-1269,Normal,Male,PRD-10,"Multi-Port USB 3.0 Hub","Electronic Accessories",45.00,7,15.75,0.00,315.00,330.75,Ewallet,Branch B,Mandalay,"David Kim",4.3
TRX-80071,INV-2026-10071,2026-04-13,15:13,CUST-1250,Member,Female,PRD-09,"Braided 65W Fast USB-C Cable","Electronic Accessories",14.50,1,0.73,1.16,14.50,14.07,Credit card,Branch B,Mandalay,"Aisha Patel",4.3
TRX-80072,INV-2026-10072,2026-09-19,16:34,CUST-1015,Member,Female,PRD-19,"Vacuum Insulated Water Bottle 1L","Sports and Travel",29.50,1,1.48,2.36,29.50,28.62,Cash,Branch A,Yangon,"Emily Chen",4.5
TRX-80073,INV-2026-10073,2026-04-18,20:18,CUST-1082,Normal,Male,PRD-20,"High-Density Non-Slip Yoga Mat","Sports and Travel",35.00,2,3.50,0.00,70.00,73.50,Credit card,Branch B,Mandalay,"David Kim",4.8
TRX-80074,INV-2026-10074,2026-05-04,19:04,CUST-1088,Member,Female,PRD-32,"Genuine Leather Minimalist Wallet","Fashion Accessories",39.00,6,11.70,0.00,234.00,245.70,Credit card,Branch B,Mandalay,"Aisha Patel",4.6
TRX-80075,INV-2026-10075,2026-06-10,12:25,CUST-1109,Member,Female,PRD-13,"Aroma Diffuser Ambient LED","Home and Lifestyle",48.00,3,7.20,0.00,144.00,151.20,Cash,Branch B,Mandalay,"David Kim",4.4
TRX-80076,INV-2026-10076,2026-08-17,20:50,CUST-1328,Normal,Female,PRD-15,"Egyptian Cotton Bath Towel Set","Home and Lifestyle",52.00,7,18.20,0.00,364.00,382.20,Credit card,Branch B,Mandalay,"David Kim",4.8
TRX-80077,INV-2026-10077,2026-07-19,12:16,CUST-1320,Member,Male,PRD-03,"Vitamin C Brightening Cleanser","Health and Beauty",19.50,2,1.95,3.12,39.00,37.83,Ewallet,Branch A,Yangon,"Emily Chen",3.9
TRX-80078,INV-2026-10078,2026-09-06,14:52,CUST-1126,Normal,Female,PRD-32,"Genuine Leather Minimalist Wallet","Fashion Accessories",39.00,4,7.80,0.00,156.00,163.80,Ewallet,Branch C,Naypyitaw,"Marcus Vance",4.6
TRX-80079,INV-2026-10079,2026-09-20,14:33,CUST-1355,Normal,Male,PRD-21,"Lightweight Packable Daypack 25L","Sports and Travel",44.00,3,6.60,0.00,132.00,138.60,Credit card,Branch B,Mandalay,"David Kim",4.4
TRX-80080,INV-2026-10080,2026-08-09,16:48,CUST-1104,Member,Female,PRD-08,"Active Noise Cancelling Earbuds","Electronic Accessories",79.99,6,24.00,38.40,479.94,465.54,Credit card,Branch C,Naypyitaw,"Marcus Vance",3.6
TRX-80081,INV-2026-10081,2026-04-09,15:58,CUST-1464,Member,Female,PRD-32,"Genuine Leather Minimalist Wallet","Fashion Accessories",39.00,4,7.80,12.48,156.00,151.32,Credit card,Branch A,Yangon,"Emily Chen",4.4
TRX-80082,INV-2026-10082,2026-08-11,09:11,CUST-1439,Normal,Male,PRD-25,"Artisan Dark Roast Coffee Beans 500g","Food and Beverages",18.50,6,5.55,0.00,111.00,116.55,Cash,Branch B,Mandalay,"Aisha Patel",4.7
TRX-80083,INV-2026-10083,2026-06-18,15:00,CUST-1011,Normal,Male,PRD-33,"Stainless Steel Mesh Watch","Fashion Accessories",89.00,6,26.70,0.00,534.00,560.70,Cash,Branch B,Mandalay,"Aisha Patel",3.6
TRX-80084,INV-2026-10084,2026-04-16,16:32,CUST-1471,Member,Male,PRD-25,"Artisan Dark Roast Coffee Beans 500g","Food and Beverages",18.50,8,7.40,11.84,148.00,143.56,Cash,Branch A,Yangon,"Sarah Jenkins",3.6
TRX-80085,INV-2026-10085,2026-08-27,18:47,CUST-1253,Member,Male,PRD-03,"Vitamin C Brightening Cleanser","Health and Beauty",19.50,6,5.85,9.36,117.00,113.49,Credit card,Branch B,Mandalay,"David Kim",4.8
TRX-80086,INV-2026-10086,2026-08-12,15:58,CUST-1105,Normal,Female,PRD-02,"Hydrating Face Cream SPF 30","Health and Beauty",28.00,2,2.80,0.00,56.00,58.80,Credit card,Branch A,Yangon,"Emily Chen",3.7
TRX-80087,INV-2026-10087,2026-04-26,10:36,CUST-1487,Normal,Male,PRD-25,"Artisan Dark Roast Coffee Beans 500g","Food and Beverages",18.50,2,1.85,0.00,37.00,38.85,Ewallet,Branch A,Yangon,"Emily Chen",3.9
TRX-80088,INV-2026-10088,2026-07-29,11:49,CUST-1387,Normal,Male,PRD-20,"High-Density Non-Slip Yoga Mat","Sports and Travel",35.00,2,3.50,0.00,70.00,73.50,Ewallet,Branch B,Mandalay,"Aisha Patel",4.6
TRX-80089,INV-2026-10089,2026-06-21,19:55,CUST-1409,Normal,Male,PRD-33,"Stainless Steel Mesh Watch","Fashion Accessories",89.00,8,35.60,0.00,712.00,747.60,Cash,Branch A,Yangon,"Sarah Jenkins",3.9
TRX-80090,INV-2026-10090,2026-07-09,17:52,CUST-1283,Member,Male,PRD-02,"Hydrating Face Cream SPF 30","Health and Beauty",28.00,7,9.80,15.68,196.00,190.12,Ewallet,Branch B,Mandalay,"David Kim",4.6
TRX-80091,INV-2026-10091,2026-08-15,19:15,CUST-1326,Normal,Female,PRD-10,"Multi-Port USB 3.0 Hub","Electronic Accessories",45.00,4,9.00,0.00,180.00,189.00,Cash,Branch A,Yangon,"Emily Chen",4.3
TRX-80092,INV-2026-10092,2026-09-25,17:13,CUST-1189,Member,Male,PRD-14,"Stainless Steel Pour-Over Kettle","Home and Lifestyle",36.50,2,3.65,5.84,73.00,70.81,Ewallet,Branch A,Yangon,"Sarah Jenkins",3.3
TRX-80093,INV-2026-10093,2026-04-13,20:29,CUST-1387,Normal,Male,PRD-25,"Artisan Dark Roast Coffee Beans 500g","Food and Beverages",18.50,1,0.93,0.00,18.50,19.43,Credit card,Branch A,Yangon,"Sarah Jenkins",3.6
TRX-80094,INV-2026-10094,2026-04-09,12:52,CUST-1476,Member,Female,PRD-02,"Hydrating Face Cream SPF 30","Health and Beauty",28.00,3,4.20,6.72,84.00,81.48,Credit card,Branch B,Mandalay,"David Kim",4.2
TRX-80095,INV-2026-10095,2026-08-22,09:46,CUST-1350,Member,Female,PRD-04,"Bamboo Charcoal Toothpaste Pack","Health and Beauty",12.00,7,4.20,6.72,84.00,81.48,Ewallet,Branch B,Mandalay,"David Kim",4.2
TRX-80096,INV-2026-10096,2026-07-22,09:10,CUST-1009,Member,Female,PRD-04,"Bamboo Charcoal Toothpaste Pack","Health and Beauty",12.00,5,3.00,4.80,60.00,58.20,Ewallet,Branch A,Yangon,"Emily Chen",4.1
TRX-80097,INV-2026-10097,2026-04-25,18:15,CUST-1451,Normal,Male,PRD-25,"Artisan Dark Roast Coffee Beans 500g","Food and Beverages",18.50,7,6.48,0.00,129.50,135.98,Ewallet,Branch B,Mandalay,"Aisha Patel",4.7
TRX-80098,INV-2026-10098,2026-06-05,18:24,CUST-1465,Member,Female,PRD-19,"Vacuum Insulated Water Bottle 1L","Sports and Travel",29.50,6,8.85,14.16,177.00,171.69,Cash,Branch B,Mandalay,"Aisha Patel",4.5
TRX-80099,INV-2026-10099,2026-06-23,17:20,CUST-1096,Member,Female,PRD-15,"Egyptian Cotton Bath Towel Set","Home and Lifestyle",52.00,5,13.00,20.80,260.00,252.20,Credit card,Branch B,Mandalay,"Aisha Patel",4.7
TRX-80100,INV-2026-10100,2026-04-08,17:57,CUST-1064,Normal,Male,PRD-28,"Raw Organic Wildflower Honey 1kg","Food and Beverages",19.00,3,2.85,0.00,57.00,59.85,Cash,Branch A,Yangon,"Sarah Jenkins",3.6
TRX-80101,INV-2026-10101,2026-09-04,14:08,CUST-1409,Normal,Male,PRD-07,"Magnetic Wireless Charging Pad","Electronic Accessories",38.00,1,1.90,0.00,38.00,39.90,Credit card,Branch B,Mandalay,"David Kim",3.3
TRX-80102,INV-2026-10102,2026-04-13,16:18,CUST-1444,Member,Female,PRD-09,"Braided 65W Fast USB-C Cable","Electronic Accessories",14.50,8,5.80,9.28,116.00,112.52,Cash,Branch B,Mandalay,"David Kim",3.6
TRX-80103,INV-2026-10103,2026-04-16,20:13,CUST-1352,Normal,Male,PRD-25,"Artisan Dark Roast Coffee Beans 500g","Food and Beverages",18.50,1,0.93,0.00,18.50,19.43,Cash,Branch B,Mandalay,"Aisha Patel",4.0
TRX-80104,INV-2026-10104,2026-08-15,12:05,CUST-1404,Normal,Male,PRD-31,"Polarized UV400 Sunglasses","Fashion Accessories",46.00,7,16.10,0.00,322.00,338.10,Ewallet,Branch B,Mandalay,"Aisha Patel",3.5
TRX-80105,INV-2026-10105,2026-05-12,15:15,CUST-1346,Normal,Female,PRD-32,"Genuine Leather Minimalist Wallet","Fashion Accessories",39.00,7,13.65,0.00,273.00,286.65,Cash,Branch A,Yangon,"Emily Chen",5.0
TRX-80106,INV-2026-10106,2026-05-11,09:08,CUST-1228,Normal,Female,PRD-20,"High-Density Non-Slip Yoga Mat","Sports and Travel",35.00,5,8.75,0.00,175.00,183.75,Ewallet,Branch A,Yangon,"Sarah Jenkins",4.5
TRX-80107,INV-2026-10107,2026-07-15,18:44,CUST-1448,Member,Male,PRD-20,"High-Density Non-Slip Yoga Mat","Sports and Travel",35.00,2,3.50,0.00,70.00,73.50,Credit card,Branch B,Mandalay,"Aisha Patel",4.8
TRX-80108,INV-2026-10108,2026-09-10,13:36,CUST-1190,Normal,Female,PRD-19,"Vacuum Insulated Water Bottle 1L","Sports and Travel",29.50,2,2.95,0.00,59.00,61.95,Ewallet,Branch A,Yangon,"Emily Chen",3.4
TRX-80109,INV-2026-10109,2026-09-22,20:33,CUST-1245,Member,Female,PRD-13,"Aroma Diffuser Ambient LED","Home and Lifestyle",48.00,2,4.80,7.68,96.00,93.12,Cash,Branch B,Mandalay,"David Kim",4.1
TRX-80110,INV-2026-10110,2026-07-02,18:34,CUST-1234,Member,Female,PRD-19,"Vacuum Insulated Water Bottle 1L","Sports and Travel",29.50,2,2.95,4.72,59.00,57.23,Credit card,Branch A,Yangon,"Emily Chen",3.8
TRX-80111,INV-2026-10111,2026-06-19,18:44,CUST-1283,Normal,Male,PRD-02,"Hydrating Face Cream SPF 30","Health and Beauty",28.00,4,5.60,0.00,112.00,117.60,Ewallet,Branch A,Yangon,"Emily Chen",4.6
TRX-80112,INV-2026-10112,2026-07-06,13:40,CUST-1367,Normal,Male,PRD-07,"Magnetic Wireless Charging Pad","Electronic Accessories",38.00,4,7.60,0.00,152.00,159.60,Credit card,Branch A,Yangon,"Emily Chen",4.4
TRX-80113,INV-2026-10113,2026-08-09,15:29,CUST-1232,Member,Female,PRD-07,"Magnetic Wireless Charging Pad","Electronic Accessories",38.00,2,3.80,0.00,76.00,79.80,Cash,Branch A,Yangon,"Sarah Jenkins",3.7
TRX-80114,INV-2026-10114,2026-09-05,17:47,CUST-1156,Normal,Male,PRD-31,"Polarized UV400 Sunglasses","Fashion Accessories",46.00,2,4.60,0.00,92.00,96.60,Ewallet,Branch A,Yangon,"Emily Chen",3.9
TRX-80115,INV-2026-10115,2026-05-04,18:52,CUST-1189,Member,Male,PRD-02,"Hydrating Face Cream SPF 30","Health and Beauty",28.00,7,9.80,0.00,196.00,205.80,Ewallet,Branch A,Yangon,"Sarah Jenkins",4.5
TRX-80116,INV-2026-10116,2026-07-03,15:03,CUST-1059,Member,Female,PRD-31,"Polarized UV400 Sunglasses","Fashion Accessories",46.00,2,4.60,7.36,92.00,89.24,Ewallet,Branch B,Mandalay,"Aisha Patel",3.5
TRX-80117,INV-2026-10117,2026-05-02,19:45,CUST-1118,Normal,Male,PRD-04,"Bamboo Charcoal Toothpaste Pack","Health and Beauty",12.00,4,2.40,0.00,48.00,50.40,Credit card,Branch B,Mandalay,"David Kim",3.3
TRX-80118,INV-2026-10118,2026-07-22,19:39,CUST-1046,Member,Male,PRD-26,"Ceremonial Grade Matcha Powder","Food and Beverages",27.00,3,4.05,0.00,81.00,85.05,Cash,Branch B,Mandalay,"David Kim",3.6
TRX-80119,INV-2026-10119,2026-05-07,14:26,CUST-1117,Normal,Female,PRD-01,"Organic Argan Hair Serum","Health and Beauty",34.50,8,13.80,0.00,276.00,289.80,Credit card,Branch B,Mandalay,"David Kim",3.4
TRX-80120,INV-2026-10120,2026-09-24,20:17,CUST-1171,Member,Female,PRD-03,"Vitamin C Brightening Cleanser","Health and Beauty",19.50,3,2.93,4.68,58.50,56.75,Cash,Branch B,Mandalay,"Aisha Patel",3.3
TRX-80121,INV-2026-10121,2026-08-12,12:32,CUST-1251,Member,Female,PRD-25,"Artisan Dark Roast Coffee Beans 500g","Food and Beverages",18.50,3,2.78,4.44,55.50,53.84,Cash,Branch B,Mandalay,"Aisha Patel",3.6
TRX-80122,INV-2026-10122,2026-06-21,09:34,CUST-1139,Normal,Male,PRD-03,"Vitamin C Brightening Cleanser","Health and Beauty",19.50,6,5.85,0.00,117.00,122.85,Credit card,Branch A,Yangon,"Emily Chen",4.1
TRX-80123,INV-2026-10123,2026-06-20,14:08,CUST-1118,Member,Female,PRD-08,"Active Noise Cancelling Earbuds","Electronic Accessories",79.99,1,4.00,6.40,79.99,77.59,Ewallet,Branch C,Naypyitaw,"Marcus Vance",3.7
TRX-80124,INV-2026-10124,2026-06-19,11:35,CUST-1151,Normal,Male,PRD-32,"Genuine Leather Minimalist Wallet","Fashion Accessories",39.00,1,1.95,0.00,39.00,40.95,Cash,Branch B,Mandalay,"Aisha Patel",5.0
TRX-80125,INV-2026-10125,2026-09-20,09:07,CUST-1031,Normal,Female,PRD-19,"Vacuum Insulated Water Bottle 1L","Sports and Travel",29.50,4,5.90,0.00,118.00,123.90,Credit card,Branch A,Yangon,"Emily Chen",4.1
TRX-80126,INV-2026-10126,2026-04-24,11:43,CUST-1357,Normal,Male,PRD-14,"Stainless Steel Pour-Over Kettle","Home and Lifestyle",36.50,1,1.83,0.00,36.50,38.33,Credit card,Branch A,Yangon,"Emily Chen",3.6
TRX-80127,INV-2026-10127,2026-06-27,20:03,CUST-1450,Normal,Female,PRD-32,"Genuine Leather Minimalist Wallet","Fashion Accessories",39.00,3,5.85,0.00,117.00,122.85,Cash,Branch B,Mandalay,"David Kim",3.8
TRX-80128,INV-2026-10128,2026-08-26,09:09,CUST-1096,Normal,Male,PRD-09,"Braided 65W Fast USB-C Cable","Electronic Accessories",14.50,3,2.18,0.00,43.50,45.68,Credit card,Branch B,Mandalay,"Aisha Patel",4.3
TRX-80129,INV-2026-10129,2026-07-03,17:36,CUST-1485,Normal,Male,PRD-15,"Egyptian Cotton Bath Towel Set","Home and Lifestyle",52.00,5,13.00,0.00,260.00,273.00,Ewallet,Branch B,Mandalay,"David Kim",4.7
TRX-80130,INV-2026-10130,2026-08-19,16:07,CUST-1403,Member,Male,PRD-19,"Vacuum Insulated Water Bottle 1L","Sports and Travel",29.50,2,2.95,0.00,59.00,61.95,Credit card,Branch A,Yangon,"Sarah Jenkins",3.4
TRX-80131,INV-2026-10131,2026-04-17,14:41,CUST-1415,Member,Female,PRD-20,"High-Density Non-Slip Yoga Mat","Sports and Travel",35.00,6,10.50,0.00,210.00,220.50,Credit card,Branch B,Mandalay,"David Kim",4.8
TRX-80132,INV-2026-10132,2026-07-10,17:35,CUST-1435,Member,Male,PRD-28,"Raw Organic Wildflower Honey 1kg","Food and Beverages",19.00,2,1.90,0.00,38.00,39.90,Ewallet,Branch A,Yangon,"Sarah Jenkins",4.3
TRX-80133,INV-2026-10133,2026-07-11,18:04,CUST-1218,Normal,Male,PRD-26,"Ceremonial Grade Matcha Powder","Food and Beverages",27.00,6,8.10,0.00,162.00,170.10,Ewallet,Branch B,Mandalay,"Aisha Patel",4.7
TRX-80134,INV-2026-10134,2026-09-14,11:33,CUST-1086,Normal,Female,PRD-08,"Active Noise Cancelling Earbuds","Electronic Accessories",79.99,4,16.00,0.00,319.96,335.96,Cash,Branch A,Yangon,"Emily Chen",4.6
TRX-80135,INV-2026-10135,2026-05-16,16:21,CUST-1056,Member,Female,PRD-03,"Vitamin C Brightening Cleanser","Health and Beauty",19.50,6,5.85,0.00,117.00,122.85,Cash,Branch B,Mandalay,"David Kim",3.8
TRX-80136,INV-2026-10136,2026-05-09,17:18,CUST-1494,Normal,Male,PRD-08,"Active Noise Cancelling Earbuds","Electronic Accessories",79.99,7,28.00,0.00,559.93,587.93,Credit card,Branch C,Naypyitaw,"Marcus Vance",3.8
TRX-80137,INV-2026-10137,2026-04-11,14:05,CUST-1127,Normal,Male,PRD-07,"Magnetic Wireless Charging Pad","Electronic Accessories",38.00,1,1.90,0.00,38.00,39.90,Cash,Branch A,Yangon,"Emily Chen",4.0
TRX-80138,INV-2026-10138,2026-09-18,18:59,CUST-1061,Normal,Male,PRD-25,"Artisan Dark Roast Coffee Beans 500g","Food and Beverages",18.50,2,1.85,0.00,37.00,38.85,Credit card,Branch B,Mandalay,"Aisha Patel",5.0
TRX-80139,INV-2026-10139,2026-08-19,19:43,CUST-1493,Member,Female,PRD-09,"Braided 65W Fast USB-C Cable","Electronic Accessories",14.50,3,2.18,3.48,43.50,42.20,Credit card,Branch B,Mandalay,"David Kim",3.6
TRX-80140,INV-2026-10140,2026-09-23,19:56,CUST-1027,Member,Female,PRD-28,"Raw Organic Wildflower Honey 1kg","Food and Beverages",19.00,5,4.75,0.00,95.00,99.75,Cash,Branch C,Naypyitaw,"Marcus Vance",4.5
TRX-80141,INV-2026-10141,2026-09-08,13:37,CUST-1193,Normal,Male,PRD-31,"Polarized UV400 Sunglasses","Fashion Accessories",46.00,3,6.90,0.00,138.00,144.90,Ewallet,Branch B,Mandalay,"Aisha Patel",3.2
TRX-80142,INV-2026-10142,2026-05-24,11:55,CUST-1380,Normal,Male,PRD-28,"Raw Organic Wildflower Honey 1kg","Food and Beverages",19.00,8,7.60,0.00,152.00,159.60,Ewallet,Branch A,Yangon,"Sarah Jenkins",4.0
TRX-80143,INV-2026-10143,2026-08-11,11:25,CUST-1226,Member,Female,PRD-19,"Vacuum Insulated Water Bottle 1L","Sports and Travel",29.50,4,5.90,9.44,118.00,114.46,Credit card,Branch C,Naypyitaw,"Marcus Vance",4.4
TRX-80144,INV-2026-10144,2026-08-19,15:39,CUST-1342,Member,Male,PRD-28,"Raw Organic Wildflower Honey 1kg","Food and Beverages",19.00,1,0.95,0.00,19.00,19.95,Cash,Branch C,Naypyitaw,"Marcus Vance",3.3
TRX-80145,INV-2026-10145,2026-08-16,16:21,CUST-1310,Member,Female,PRD-28,"Raw Organic Wildflower Honey 1kg","Food and Beverages",19.00,6,5.70,9.12,114.00,110.58,Credit card,Branch B,Mandalay,"David Kim",4.1
TRX-80146,INV-2026-10146,2026-04-06,18:32,CUST-1078,Normal,Female,PRD-13,"Aroma Diffuser Ambient LED","Home and Lifestyle",48.00,8,19.20,0.00,384.00,403.20,Credit card,Branch C,Naypyitaw,"Marcus Vance",3.4
TRX-80147,INV-2026-10147,2026-04-22,17:18,CUST-1256,Normal,Male,PRD-03,"Vitamin C Brightening Cleanser","Health and Beauty",19.50,8,7.80,0.00,156.00,163.80,Cash,Branch A,Yangon,"Emily Chen",3.8
TRX-80148,INV-2026-10148,2026-04-20,10:19,CUST-1053,Member,Female,PRD-10,"Multi-Port USB 3.0 Hub","Electronic Accessories",45.00,5,11.25,18.00,225.00,218.25,Ewallet,Branch A,Yangon,"Emily Chen",4.1
TRX-80149,INV-2026-10149,2026-09-25,12:51,CUST-1011,Normal,Female,PRD-21,"Lightweight Packable Daypack 25L","Sports and Travel",44.00,5,11.00,0.00,220.00,231.00,Cash,Branch A,Yangon,"Emily Chen",4.1
TRX-80150,INV-2026-10150,2026-06-16,11:34,CUST-1249,Normal,Female,PRD-07,"Magnetic Wireless Charging Pad","Electronic Accessories",38.00,6,11.40,0.00,228.00,239.40,Cash,Branch C,Naypyitaw,"Marcus Vance",3.4
TRX-80151,INV-2026-10151,2026-09-21,10:10,CUST-1030,Member,Female,PRD-27,"Extra Virgin Cold Pressed Olive Oil","Food and Beverages",22.50,6,6.75,10.80,135.00,130.95,Ewallet,Branch C,Naypyitaw,"Marcus Vance",4.4
TRX-80152,INV-2026-10152,2026-05-25,14:33,CUST-1317,Normal,Male,PRD-04,"Bamboo Charcoal Toothpaste Pack","Health and Beauty",12.00,4,2.40,0.00,48.00,50.40,Credit card,Branch A,Yangon,"Emily Chen",4.9
TRX-80153,INV-2026-10153,2026-05-21,19:58,CUST-1189,Normal,Female,PRD-33,"Stainless Steel Mesh Watch","Fashion Accessories",89.00,1,4.45,0.00,89.00,93.45,Credit card,Branch B,Mandalay,"Aisha Patel",4.0
TRX-80154,INV-2026-10154,2026-04-06,10:08,CUST-1390,Normal,Female,PRD-09,"Braided 65W Fast USB-C Cable","Electronic Accessories",14.50,8,5.80,0.00,116.00,121.80,Ewallet,Branch A,Yangon,"Emily Chen",3.2
TRX-80155,INV-2026-10155,2026-05-21,12:32,CUST-1232,Member,Female,PRD-10,"Multi-Port USB 3.0 Hub","Electronic Accessories",45.00,1,2.25,3.60,45.00,43.65,Cash,Branch C,Naypyitaw,"Marcus Vance",3.3
TRX-80156,INV-2026-10156,2026-04-06,20:30,CUST-1397,Normal,Female,PRD-27,"Extra Virgin Cold Pressed Olive Oil","Food and Beverages",22.50,8,9.00,0.00,180.00,189.00,Credit card,Branch C,Naypyitaw,"Marcus Vance",3.7
TRX-80157,INV-2026-10157,2026-09-06,17:24,CUST-1349,Normal,Male,PRD-15,"Egyptian Cotton Bath Towel Set","Home and Lifestyle",52.00,7,18.20,0.00,364.00,382.20,Credit card,Branch A,Yangon,"Emily Chen",3.7
TRX-80158,INV-2026-10158,2026-05-22,10:45,CUST-1492,Member,Male,PRD-32,"Genuine Leather Minimalist Wallet","Fashion Accessories",39.00,1,1.95,0.00,39.00,40.95,Ewallet,Branch A,Yangon,"Emily Chen",4.0
TRX-80159,INV-2026-10159,2026-06-03,16:44,CUST-1410,Member,Male,PRD-19,"Vacuum Insulated Water Bottle 1L","Sports and Travel",29.50,5,7.38,11.80,147.50,143.08,Cash,Branch A,Yangon,"Sarah Jenkins",4.4
TRX-80160,INV-2026-10160,2026-09-11,15:45,CUST-1229,Member,Female,PRD-27,"Extra Virgin Cold Pressed Olive Oil","Food and Beverages",22.50,7,7.88,12.60,157.50,152.78,Credit card,Branch A,Yangon,"Emily Chen",4.3
TRX-80161,INV-2026-10161,2026-08-05,16:56,CUST-1331,Member,Male,PRD-20,"High-Density Non-Slip Yoga Mat","Sports and Travel",35.00,6,10.50,16.80,210.00,203.70,Credit card,Branch B,Mandalay,"Aisha Patel",4.1
TRX-80162,INV-2026-10162,2026-06-20,13:41,CUST-1222,Member,Female,PRD-20,"High-Density Non-Slip Yoga Mat","Sports and Travel",35.00,3,5.25,8.40,105.00,101.85,Credit card,Branch A,Yangon,"Emily Chen",4.2
TRX-80163,INV-2026-10163,2026-08-10,13:05,CUST-1081,Member,Female,PRD-26,"Ceremonial Grade Matcha Powder","Food and Beverages",27.00,5,6.75,0.00,135.00,141.75,Ewallet,Branch A,Yangon,"Sarah Jenkins",4.1
TRX-80164,INV-2026-10164,2026-04-25,19:26,CUST-1032,Normal,Female,PRD-25,"Artisan Dark Roast Coffee Beans 500g","Food and Beverages",18.50,8,7.40,0.00,148.00,155.40,Credit card,Branch B,Mandalay,"David Kim",3.7
TRX-80165,INV-2026-10165,2026-05-11,12:31,CUST-1407,Normal,Female,PRD-10,"Multi-Port USB 3.0 Hub","Electronic Accessories",45.00,8,18.00,0.00,360.00,378.00,Cash,Branch B,Mandalay,"Aisha Patel",4.3
TRX-80166,INV-2026-10166,2026-08-04,19:47,CUST-1170,Member,Female,PRD-20,"High-Density Non-Slip Yoga Mat","Sports and Travel",35.00,1,1.75,2.80,35.00,33.95,Ewallet,Branch B,Mandalay,"David Kim",4.8
TRX-80167,INV-2026-10167,2026-05-22,18:57,CUST-1139,Member,Female,PRD-13,"Aroma Diffuser Ambient LED","Home and Lifestyle",48.00,6,14.40,23.04,288.00,279.36,Cash,Branch B,Mandalay,"Aisha Patel",4.1
TRX-80168,INV-2026-10168,2026-05-21,18:03,CUST-1264,Member,Male,PRD-26,"Ceremonial Grade Matcha Powder","Food and Beverages",27.00,4,5.40,8.64,108.00,104.76,Cash,Branch B,Mandalay,"David Kim",4.5
TRX-80169,INV-2026-10169,2026-06-24,20:49,CUST-1314,Normal,Female,PRD-07,"Magnetic Wireless Charging Pad","Electronic Accessories",38.00,5,9.50,0.00,190.00,199.50,Credit card,Branch A,Yangon,"Emily Chen",3.6
TRX-80170,INV-2026-10170,2026-04-17,15:29,CUST-1435,Member,Female,PRD-03,"Vitamin C Brightening Cleanser","Health and Beauty",19.50,1,0.98,1.56,19.50,18.92,Cash,Branch C,Naypyitaw,"Marcus Vance",4.9
TRX-80171,INV-2026-10171,2026-07-25,17:28,CUST-1353,Normal,Female,PRD-08,"Active Noise Cancelling Earbuds","Electronic Accessories",79.99,4,16.00,0.00,319.96,335.96,Ewallet,Branch A,Yangon,"Sarah Jenkins",4.4
TRX-80172,INV-2026-10172,2026-07-17,11:47,CUST-1485,Member,Male,PRD-15,"Egyptian Cotton Bath Towel Set","Home and Lifestyle",52.00,8,20.80,33.28,416.00,403.52,Ewallet,Branch A,Yangon,"Emily Chen",4.2
TRX-80173,INV-2026-10173,2026-07-12,13:49,CUST-1160,Normal,Male,PRD-09,"Braided 65W Fast USB-C Cable","Electronic Accessories",14.50,6,4.35,0.00,87.00,91.35,Cash,Branch B,Mandalay,"David Kim",4.5
TRX-80174,INV-2026-10174,2026-07-16,12:34,CUST-1083,Member,Male,PRD-26,"Ceremonial Grade Matcha Powder","Food and Beverages",27.00,1,1.35,2.16,27.00,26.19,Credit card,Branch B,Mandalay,"Aisha Patel",3.6
TRX-80175,INV-2026-10175,2026-06-27,09:08,CUST-1010,Normal,Female,PRD-27,"Extra Virgin Cold Pressed Olive Oil","Food and Beverages",22.50,1,1.13,0.00,22.50,23.63,Ewallet,Branch A,Yangon,"Emily Chen",3.8
TRX-80176,INV-2026-10176,2026-06-11,20:17,CUST-1472,Normal,Female,PRD-25,"Artisan Dark Roast Coffee Beans 500g","Food and Beverages",18.50,2,1.85,0.00,37.00,38.85,Cash,Branch A,Yangon,"Emily Chen",4.8
TRX-80177,INV-2026-10177,2026-04-07,18:35,CUST-1243,Member,Female,PRD-15,"Egyptian Cotton Bath Towel Set","Home and Lifestyle",52.00,3,7.80,12.48,156.00,151.32,Ewallet,Branch C,Naypyitaw,"Marcus Vance",3.3
TRX-80178,INV-2026-10178,2026-06-08,09:13,CUST-1068,Normal,Female,PRD-32,"Genuine Leather Minimalist Wallet","Fashion Accessories",39.00,3,5.85,0.00,117.00,122.85,Ewallet,Branch B,Mandalay,"Aisha Patel",3.9
TRX-80179,INV-2026-10179,2026-06-05,17:47,CUST-1247,Normal,Female,PRD-25,"Artisan Dark Roast Coffee Beans 500g","Food and Beverages",18.50,3,2.78,0.00,55.50,58.28,Cash,Branch A,Yangon,"Emily Chen",4.0
TRX-80180,INV-2026-10180,2026-09-16,15:37,CUST-1211,Member,Male,PRD-02,"Hydrating Face Cream SPF 30","Health and Beauty",28.00,8,11.20,0.00,224.00,235.20,Credit card,Branch B,Mandalay,"Aisha Patel",3.5
TRX-80181,INV-2026-10181,2026-06-19,20:35,CUST-1448,Normal,Male,PRD-32,"Genuine Leather Minimalist Wallet","Fashion Accessories",39.00,5,9.75,0.00,195.00,204.75,Ewallet,Branch B,Mandalay,"David Kim",3.8
TRX-80182,INV-2026-10182,2026-07-12,10:21,CUST-1164,Member,Male,PRD-20,"High-Density Non-Slip Yoga Mat","Sports and Travel",35.00,6,10.50,16.80,210.00,203.70,Ewallet,Branch B,Mandalay,"Aisha Patel",3.9
TRX-80183,INV-2026-10183,2026-07-11,09:03,CUST-1038,Member,Male,PRD-33,"Stainless Steel Mesh Watch","Fashion Accessories",89.00,4,17.80,28.48,356.00,345.32,Credit card,Branch C,Naypyitaw,"Marcus Vance",3.7
TRX-80184,INV-2026-10184,2026-04-11,15:36,CUST-1247,Member,Male,PRD-19,"Vacuum Insulated Water Bottle 1L","Sports and Travel",29.50,4,5.90,0.00,118.00,123.90,Ewallet,Branch A,Yangon,"Sarah Jenkins",3.9
TRX-80185,INV-2026-10185,2026-06-07,19:45,CUST-1133,Normal,Male,PRD-01,"Organic Argan Hair Serum","Health and Beauty",34.50,7,12.08,0.00,241.50,253.58,Ewallet,Branch A,Yangon,"Emily Chen",3.6
TRX-80186,INV-2026-10186,2026-08-21,11:19,CUST-1176,Member,Male,PRD-26,"Ceremonial Grade Matcha Powder","Food and Beverages",27.00,5,6.75,10.80,135.00,130.95,Credit card,Branch B,Mandalay,"David Kim",4.5
TRX-80187,INV-2026-10187,2026-05-25,14:37,CUST-1087,Member,Female,PRD-25,"Artisan Dark Roast Coffee Beans 500g","Food and Beverages",18.50,1,0.93,1.48,18.50,17.95,Credit card,Branch A,Yangon,"Sarah Jenkins",3.6
TRX-80188,INV-2026-10188,2026-08-08,20:52,CUST-1047,Normal,Female,PRD-31,"Polarized UV400 Sunglasses","Fashion Accessories",46.00,1,2.30,0.00,46.00,48.30,Credit card,Branch B,Mandalay,"Aisha Patel",4.1
TRX-80189,INV-2026-10189,2026-09-19,20:26,CUST-1342,Normal,Female,PRD-27,"Extra Virgin Cold Pressed Olive Oil","Food and Beverages",22.50,4,4.50,0.00,90.00,94.50,Cash,Branch A,Yangon,"Sarah Jenkins",3.2
TRX-80190,INV-2026-10190,2026-06-08,16:46,CUST-1404,Member,Male,PRD-31,"Polarized UV400 Sunglasses","Fashion Accessories",46.00,1,2.30,0.00,46.00,48.30,Credit card,Branch C,Naypyitaw,"Marcus Vance",5.0
TRX-80191,INV-2026-10191,2026-04-14,18:33,CUST-1418,Normal,Female,PRD-26,"Ceremonial Grade Matcha Powder","Food and Beverages",27.00,5,6.75,0.00,135.00,141.75,Cash,Branch B,Mandalay,"Aisha Patel",4.0
TRX-80192,INV-2026-10192,2026-07-04,09:23,CUST-1221,Member,Female,PRD-13,"Aroma Diffuser Ambient LED","Home and Lifestyle",48.00,3,7.20,11.52,144.00,139.68,Ewallet,Branch A,Yangon,"Emily Chen",4.4
TRX-80193,INV-2026-10193,2026-06-13,15:44,CUST-1471,Member,Male,PRD-10,"Multi-Port USB 3.0 Hub","Electronic Accessories",45.00,6,13.50,21.60,270.00,261.90,Credit card,Branch A,Yangon,"Sarah Jenkins",4.8
TRX-80194,INV-2026-10194,2026-09-13,11:31,CUST-1183,Normal,Male,PRD-13,"Aroma Diffuser Ambient LED","Home and Lifestyle",48.00,6,14.40,0.00,288.00,302.40,Cash,Branch B,Mandalay,"Aisha Patel",3.4
TRX-80195,INV-2026-10195,2026-08-29,17:31,CUST-1145,Normal,Female,PRD-07,"Magnetic Wireless Charging Pad","Electronic Accessories",38.00,7,13.30,0.00,266.00,279.30,Ewallet,Branch B,Mandalay,"David Kim",4.0
TRX-80196,INV-2026-10196,2026-08-29,15:21,CUST-1322,Member,Male,PRD-31,"Polarized UV400 Sunglasses","Fashion Accessories",46.00,7,16.10,25.76,322.00,312.34,Credit card,Branch B,Mandalay,"David Kim",4.9
TRX-80197,INV-2026-10197,2026-07-22,11:06,CUST-1326,Normal,Female,PRD-13,"Aroma Diffuser Ambient LED","Home and Lifestyle",48.00,7,16.80,0.00,336.00,352.80,Ewallet,Branch A,Yangon,"Sarah Jenkins",3.7
TRX-80198,INV-2026-10198,2026-05-09,11:35,CUST-1462,Normal,Female,PRD-21,"Lightweight Packable Daypack 25L","Sports and Travel",44.00,5,11.00,0.00,220.00,231.00,Credit card,Branch A,Yangon,"Sarah Jenkins",4.2
TRX-80199,INV-2026-10199,2026-06-15,11:13,CUST-1259,Member,Male,PRD-07,"Magnetic Wireless Charging Pad","Electronic Accessories",38.00,5,9.50,0.00,190.00,199.50,Ewallet,Branch B,Mandalay,"David Kim",3.9
TRX-80200,INV-2026-10200,2026-08-04,18:04,CUST-1350,Member,Male,PRD-21,"Lightweight Packable Daypack 25L","Sports and Travel",44.00,2,4.40,7.04,88.00,85.36,Cash,Branch A,Yangon,"Emily Chen",3.3
TRX-80201,INV-2026-10201,2026-05-11,13:34,CUST-1384,Normal,Male,PRD-13,"Aroma Diffuser Ambient LED","Home and Lifestyle",48.00,2,4.80,0.00,96.00,100.80,Cash,Branch B,Mandalay,"Aisha Patel",4.2
TRX-80202,INV-2026-10202,2026-08-09,12:15,CUST-1029,Member,Male,PRD-33,"Stainless Steel Mesh Watch","Fashion Accessories",89.00,2,8.90,14.24,178.00,172.66,Credit card,Branch B,Mandalay,"Aisha Patel",4.5
TRX-80203,INV-2026-10203,2026-08-21,13:50,CUST-1041,Normal,Female,PRD-33,"Stainless Steel Mesh Watch","Fashion Accessories",89.00,5,22.25,0.00,445.00,467.25,Cash,Branch B,Mandalay,"David Kim",5.0
TRX-80204,INV-2026-10204,2026-06-11,09:19,CUST-1109,Normal,Female,PRD-32,"Genuine Leather Minimalist Wallet","Fashion Accessories",39.00,8,15.60,0.00,312.00,327.60,Credit card,Branch C,Naypyitaw,"Marcus Vance",4.2
TRX-80205,INV-2026-10205,2026-07-20,19:17,CUST-1487,Normal,Male,PRD-14,"Stainless Steel Pour-Over Kettle","Home and Lifestyle",36.50,4,7.30,0.00,146.00,153.30,Credit card,Branch B,Mandalay,"David Kim",4.1
TRX-80206,INV-2026-10206,2026-09-04,11:14,CUST-1190,Normal,Male,PRD-02,"Hydrating Face Cream SPF 30","Health and Beauty",28.00,7,9.80,0.00,196.00,205.80,Cash,Branch B,Mandalay,"David Kim",4.7
TRX-80207,INV-2026-10207,2026-07-19,13:55,CUST-1099,Member,Male,PRD-20,"High-Density Non-Slip Yoga Mat","Sports and Travel",35.00,3,5.25,0.00,105.00,110.25,Ewallet,Branch A,Yangon,"Emily Chen",4.9
TRX-80208,INV-2026-10208,2026-08-21,13:42,CUST-1371,Member,Female,PRD-31,"Polarized UV400 Sunglasses","Fashion Accessories",46.00,4,9.20,0.00,184.00,193.20,Ewallet,Branch A,Yangon,"Emily Chen",4.6
TRX-80209,INV-2026-10209,2026-09-03,15:45,CUST-1187,Normal,Female,PRD-15,"Egyptian Cotton Bath Towel Set","Home and Lifestyle",52.00,7,18.20,0.00,364.00,382.20,Cash,Branch A,Yangon,"Emily Chen",4.5
TRX-80210,INV-2026-10210,2026-07-18,12:55,CUST-1259,Normal,Male,PRD-21,"Lightweight Packable Daypack 25L","Sports and Travel",44.00,3,6.60,0.00,132.00,138.60,Credit card,Branch A,Yangon,"Sarah Jenkins",3.5
TRX-80211,INV-2026-10211,2026-08-24,12:06,CUST-1002,Member,Female,PRD-20,"High-Density Non-Slip Yoga Mat","Sports and Travel",35.00,4,7.00,11.20,140.00,135.80,Cash,Branch A,Yangon,"Sarah Jenkins",5.0
TRX-80212,INV-2026-10212,2026-08-30,16:03,CUST-1170,Member,Male,PRD-09,"Braided 65W Fast USB-C Cable","Electronic Accessories",14.50,4,2.90,0.00,58.00,60.90,Cash,Branch A,Yangon,"Emily Chen",3.7
TRX-80213,INV-2026-10213,2026-04-15,20:57,CUST-1269,Normal,Female,PRD-25,"Artisan Dark Roast Coffee Beans 500g","Food and Beverages",18.50,6,5.55,0.00,111.00,116.55,Credit card,Branch A,Yangon,"Sarah Jenkins",3.7
TRX-80214,INV-2026-10214,2026-06-24,12:33,CUST-1223,Normal,Male,PRD-02,"Hydrating Face Cream SPF 30","Health and Beauty",28.00,7,9.80,0.00,196.00,205.80,Credit card,Branch B,Mandalay,"David Kim",4.4
TRX-80215,INV-2026-10215,2026-07-22,18:27,CUST-1411,Normal,Female,PRD-28,"Raw Organic Wildflower Honey 1kg","Food and Beverages",19.00,7,6.65,0.00,133.00,139.65,Cash,Branch B,Mandalay,"Aisha Patel",4.0
TRX-80216,INV-2026-10216,2026-04-08,12:50,CUST-1211,Member,Male,PRD-25,"Artisan Dark Roast Coffee Beans 500g","Food and Beverages",18.50,3,2.78,4.44,55.50,53.84,Credit card,Branch C,Naypyitaw,"Marcus Vance",3.3
TRX-80217,INV-2026-10217,2026-08-06,19:15,CUST-1085,Member,Female,PRD-21,"Lightweight Packable Daypack 25L","Sports and Travel",44.00,5,11.00,17.60,220.00,213.40,Cash,Branch B,Mandalay,"David Kim",3.7
TRX-80218,INV-2026-10218,2026-06-02,10:05,CUST-1085,Member,Male,PRD-07,"Magnetic Wireless Charging Pad","Electronic Accessories",38.00,7,13.30,21.28,266.00,258.02,Ewallet,Branch A,Yangon,"Sarah Jenkins",4.0
TRX-80219,INV-2026-10219,2026-09-22,16:42,CUST-1403,Member,Female,PRD-19,"Vacuum Insulated Water Bottle 1L","Sports and Travel",29.50,4,5.90,9.44,118.00,114.46,Ewallet,Branch B,Mandalay,"David Kim",4.8
TRX-80220,INV-2026-10220,2026-04-08,20:20,CUST-1418,Member,Female,PRD-10,"Multi-Port USB 3.0 Hub","Electronic Accessories",45.00,4,9.00,0.00,180.00,189.00,Cash,Branch A,Yangon,"Emily Chen",5.0
TRX-80221,INV-2026-10221,2026-08-30,18:21,CUST-1313,Normal,Male,PRD-01,"Organic Argan Hair Serum","Health and Beauty",34.50,3,5.18,0.00,103.50,108.68,Cash,Branch B,Mandalay,"David Kim",4.7
TRX-80222,INV-2026-10222,2026-09-16,15:11,CUST-1164,Member,Female,PRD-27,"Extra Virgin Cold Pressed Olive Oil","Food and Beverages",22.50,6,6.75,0.00,135.00,141.75,Ewallet,Branch B,Mandalay,"Aisha Patel",4.9
TRX-80223,INV-2026-10223,2026-07-24,19:07,CUST-1467,Normal,Female,PRD-10,"Multi-Port USB 3.0 Hub","Electronic Accessories",45.00,5,11.25,0.00,225.00,236.25,Ewallet,Branch A,Yangon,"Emily Chen",3.4
TRX-80224,INV-2026-10224,2026-06-06,14:35,CUST-1270,Normal,Female,PRD-31,"Polarized UV400 Sunglasses","Fashion Accessories",46.00,2,4.60,0.00,92.00,96.60,Credit card,Branch B,Mandalay,"Aisha Patel",3.4
TRX-80225,INV-2026-10225,2026-06-24,18:00,CUST-1172,Member,Female,PRD-15,"Egyptian Cotton Bath Towel Set","Home and Lifestyle",52.00,6,15.60,0.00,312.00,327.60,Ewallet,Branch A,Yangon,"Emily Chen",4.9
TRX-80226,INV-2026-10226,2026-07-15,16:23,CUST-1276,Member,Female,PRD-02,"Hydrating Face Cream SPF 30","Health and Beauty",28.00,2,2.80,4.48,56.00,54.32,Cash,Branch B,Mandalay,"Aisha Patel",3.7
TRX-80227,INV-2026-10227,2026-05-21,13:04,CUST-1340,Normal,Male,PRD-01,"Organic Argan Hair Serum","Health and Beauty",34.50,7,12.08,0.00,241.50,253.58,Credit card,Branch A,Yangon,"Sarah Jenkins",3.6
TRX-80228,INV-2026-10228,2026-08-28,20:50,CUST-1058,Member,Female,PRD-14,"Stainless Steel Pour-Over Kettle","Home and Lifestyle",36.50,2,3.65,5.84,73.00,70.81,Credit card,Branch A,Yangon,"Emily Chen",3.9
TRX-80229,INV-2026-10229,2026-08-01,09:59,CUST-1006,Normal,Male,PRD-26,"Ceremonial Grade Matcha Powder","Food and Beverages",27.00,6,8.10,0.00,162.00,170.10,Credit card,Branch A,Yangon,"Emily Chen",4.4
TRX-80230,INV-2026-10230,2026-07-09,13:45,CUST-1312,Normal,Female,PRD-27,"Extra Virgin Cold Pressed Olive Oil","Food and Beverages",22.50,8,9.00,0.00,180.00,189.00,Cash,Branch B,Mandalay,"David Kim",3.3
TRX-80231,INV-2026-10231,2026-05-13,17:44,CUST-1163,Normal,Male,PRD-19,"Vacuum Insulated Water Bottle 1L","Sports and Travel",29.50,8,11.80,0.00,236.00,247.80,Cash,Branch B,Mandalay,"David Kim",3.6
TRX-80232,INV-2026-10232,2026-07-24,12:40,CUST-1111,Normal,Male,PRD-08,"Active Noise Cancelling Earbuds","Electronic Accessories",79.99,6,24.00,0.00,479.94,503.94,Credit card,Branch A,Yangon,"Sarah Jenkins",4.7
TRX-80233,INV-2026-10233,2026-04-11,15:58,CUST-1287,Member,Female,PRD-04,"Bamboo Charcoal Toothpaste Pack","Health and Beauty",12.00,7,4.20,6.72,84.00,81.48,Credit card,Branch C,Naypyitaw,"Marcus Vance",3.6
TRX-80234,INV-2026-10234,2026-05-02,19:00,CUST-1009,Member,Male,PRD-09,"Braided 65W Fast USB-C Cable","Electronic Accessories",14.50,2,1.45,0.00,29.00,30.45,Credit card,Branch A,Yangon,"Sarah Jenkins",3.5
TRX-80235,INV-2026-10235,2026-08-25,18:28,CUST-1208,Member,Female,PRD-10,"Multi-Port USB 3.0 Hub","Electronic Accessories",45.00,6,13.50,21.60,270.00,261.90,Cash,Branch C,Naypyitaw,"Marcus Vance",3.9
TRX-80236,INV-2026-10236,2026-06-09,14:56,CUST-1446,Normal,Female,PRD-31,"Polarized UV400 Sunglasses","Fashion Accessories",46.00,8,18.40,0.00,368.00,386.40,Ewallet,Branch A,Yangon,"Sarah Jenkins",3.6
TRX-80237,INV-2026-10237,2026-07-24,09:57,CUST-1246,Member,Female,PRD-19,"Vacuum Insulated Water Bottle 1L","Sports and Travel",29.50,3,4.42,7.08,88.50,85.84,Ewallet,Branch A,Yangon,"Emily Chen",4.0
TRX-80238,INV-2026-10238,2026-06-27,19:14,CUST-1002,Normal,Male,PRD-31,"Polarized UV400 Sunglasses","Fashion Accessories",46.00,5,11.50,0.00,230.00,241.50,Ewallet,Branch A,Yangon,"Emily Chen",4.0
TRX-80239,INV-2026-10239,2026-08-28,15:31,CUST-1166,Normal,Female,PRD-10,"Multi-Port USB 3.0 Hub","Electronic Accessories",45.00,7,15.75,0.00,315.00,330.75,Credit card,Branch A,Yangon,"Sarah Jenkins",3.6
TRX-80240,INV-2026-10240,2026-06-06,12:17,CUST-1248,Member,Male,PRD-04,"Bamboo Charcoal Toothpaste Pack","Health and Beauty",12.00,5,3.00,4.80,60.00,58.20,Ewallet,Branch B,Mandalay,"Aisha Patel",4.4
TRX-80241,INV-2026-10241,2026-06-15,20:30,CUST-1389,Normal,Female,PRD-21,"Lightweight Packable Daypack 25L","Sports and Travel",44.00,3,6.60,0.00,132.00,138.60,Credit card,Branch A,Yangon,"Sarah Jenkins",3.4
TRX-80242,INV-2026-10242,2026-06-05,13:13,CUST-1382,Normal,Male,PRD-15,"Egyptian Cotton Bath Towel Set","Home and Lifestyle",52.00,8,20.80,0.00,416.00,436.80,Ewallet,Branch A,Yangon,"Sarah Jenkins",4.9
TRX-80243,INV-2026-10243,2026-05-20,13:28,CUST-1428,Normal,Male,PRD-10,"Multi-Port USB 3.0 Hub","Electronic Accessories",45.00,6,13.50,0.00,270.00,283.50,Cash,Branch B,Mandalay,"David Kim",3.4
TRX-80244,INV-2026-10244,2026-05-16,19:34,CUST-1236,Normal,Female,PRD-08,"Active Noise Cancelling Earbuds","Electronic Accessories",79.99,4,16.00,0.00,319.96,335.96,Credit card,Branch C,Naypyitaw,"Marcus Vance",4.1
TRX-80245,INV-2026-10245,2026-04-22,13:47,CUST-1248,Member,Female,PRD-33,"Stainless Steel Mesh Watch","Fashion Accessories",89.00,6,26.70,42.72,534.00,517.98,Credit card,Branch B,Mandalay,"David Kim",4.6
TRX-80246,INV-2026-10246,2026-06-24,11:44,CUST-1370,Member,Male,PRD-31,"Polarized UV400 Sunglasses","Fashion Accessories",46.00,1,2.30,3.68,46.00,44.62,Credit card,Branch A,Yangon,"Emily Chen",4.0
TRX-80247,INV-2026-10247,2026-09-04,20:42,CUST-1093,Normal,Female,PRD-03,"Vitamin C Brightening Cleanser","Health and Beauty",19.50,2,1.95,0.00,39.00,40.95,Ewallet,Branch A,Yangon,"Sarah Jenkins",4.2
TRX-80248,INV-2026-10248,2026-06-13,15:30,CUST-1239,Member,Female,PRD-26,"Ceremonial Grade Matcha Powder","Food and Beverages",27.00,5,6.75,0.00,135.00,141.75,Cash,Branch A,Yangon,"Sarah Jenkins",3.8
TRX-80249,INV-2026-10249,2026-07-12,16:49,CUST-1101,Member,Male,PRD-26,"Ceremonial Grade Matcha Powder","Food and Beverages",27.00,4,5.40,8.64,108.00,104.76,Ewallet,Branch B,Mandalay,"Aisha Patel",4.3
TRX-80250,INV-2026-10250,2026-05-08,13:07,CUST-1033,Member,Male,PRD-20,"High-Density Non-Slip Yoga Mat","Sports and Travel",35.00,1,1.75,2.80,35.00,33.95,Credit card,Branch B,Mandalay,"David Kim",4.3
TRX-80251,INV-2026-10251,2026-08-10,17:05,CUST-1232,Member,Female,PRD-03,"Vitamin C Brightening Cleanser","Health and Beauty",19.50,1,0.98,1.56,19.50,18.92,Cash,Branch A,Yangon,"Sarah Jenkins",4.6
TRX-80252,INV-2026-10252,2026-09-02,09:06,CUST-1344,Normal,Male,PRD-25,"Artisan Dark Roast Coffee Beans 500g","Food and Beverages",18.50,6,5.55,0.00,111.00,116.55,Ewallet,Branch A,Yangon,"Emily Chen",3.5
TRX-80253,INV-2026-10253,2026-09-26,13:29,CUST-1088,Member,Male,PRD-19,"Vacuum Insulated Water Bottle 1L","Sports and Travel",29.50,8,11.80,0.00,236.00,247.80,Cash,Branch C,Naypyitaw,"Marcus Vance",4.1
TRX-80254,INV-2026-10254,2026-07-10,12:18,CUST-1030,Normal,Male,PRD-02,"Hydrating Face Cream SPF 30","Health and Beauty",28.00,4,5.60,0.00,112.00,117.60,Ewallet,Branch A,Yangon,"Sarah Jenkins",4.2
TRX-80255,INV-2026-10255,2026-08-25,15:08,CUST-1104,Normal,Male,PRD-09,"Braided 65W Fast USB-C Cable","Electronic Accessories",14.50,4,2.90,0.00,58.00,60.90,Ewallet,Branch B,Mandalay,"Aisha Patel",4.7
TRX-80256,INV-2026-10256,2026-05-16,13:46,CUST-1164,Member,Male,PRD-10,"Multi-Port USB 3.0 Hub","Electronic Accessories",45.00,6,13.50,0.00,270.00,283.50,Credit card,Branch B,Mandalay,"David Kim",3.9
TRX-80257,INV-2026-10257,2026-08-11,19:06,CUST-1366,Normal,Male,PRD-10,"Multi-Port USB 3.0 Hub","Electronic Accessories",45.00,1,2.25,0.00,45.00,47.25,Ewallet,Branch B,Mandalay,"Aisha Patel",3.6
TRX-80258,INV-2026-10258,2026-05-27,15:29,CUST-1382,Member,Female,PRD-04,"Bamboo Charcoal Toothpaste Pack","Health and Beauty",12.00,5,3.00,0.00,60.00,63.00,Credit card,Branch B,Mandalay,"Aisha Patel",3.7
TRX-80259,INV-2026-10259,2026-08-14,15:29,CUST-1408,Normal,Female,PRD-31,"Polarized UV400 Sunglasses","Fashion Accessories",46.00,4,9.20,0.00,184.00,193.20,Credit card,Branch A,Yangon,"Emily Chen",4.1
TRX-80260,INV-2026-10260,2026-06-12,19:27,CUST-1124,Member,Female,PRD-26,"Ceremonial Grade Matcha Powder","Food and Beverages",27.00,5,6.75,10.80,135.00,130.95,Credit card,Branch A,Yangon,"Sarah Jenkins",3.7
TRX-80261,INV-2026-10261,2026-08-06,09:12,CUST-1234,Member,Female,PRD-27,"Extra Virgin Cold Pressed Olive Oil","Food and Beverages",22.50,7,7.88,0.00,157.50,165.38,Credit card,Branch B,Mandalay,"Aisha Patel",3.2
TRX-80262,INV-2026-10262,2026-05-18,12:39,CUST-1087,Member,Female,PRD-14,"Stainless Steel Pour-Over Kettle","Home and Lifestyle",36.50,7,12.78,0.00,255.50,268.28,Credit card,Branch C,Naypyitaw,"Marcus Vance",4.2
TRX-80263,INV-2026-10263,2026-06-07,18:31,CUST-1228,Member,Female,PRD-13,"Aroma Diffuser Ambient LED","Home and Lifestyle",48.00,6,14.40,23.04,288.00,279.36,Cash,Branch B,Mandalay,"Aisha Patel",4.6
TRX-80264,INV-2026-10264,2026-09-10,20:02,CUST-1372,Normal,Male,PRD-33,"Stainless Steel Mesh Watch","Fashion Accessories",89.00,1,4.45,0.00,89.00,93.45,Cash,Branch A,Yangon,"Emily Chen",3.3
TRX-80265,INV-2026-10265,2026-05-27,20:42,CUST-1153,Member,Female,PRD-15,"Egyptian Cotton Bath Towel Set","Home and Lifestyle",52.00,3,7.80,0.00,156.00,163.80,Cash,Branch A,Yangon,"Emily Chen",3.3
TRX-80266,INV-2026-10266,2026-07-19,13:24,CUST-1235,Member,Male,PRD-08,"Active Noise Cancelling Earbuds","Electronic Accessories",79.99,1,4.00,6.40,79.99,77.59,Cash,Branch A,Yangon,"Sarah Jenkins",3.6
TRX-80267,INV-2026-10267,2026-05-12,12:49,CUST-1421,Normal,Female,PRD-14,"Stainless Steel Pour-Over Kettle","Home and Lifestyle",36.50,6,10.95,0.00,219.00,229.95,Cash,Branch A,Yangon,"Sarah Jenkins",4.0
TRX-80268,INV-2026-10268,2026-09-21,18:22,CUST-1001,Member,Female,PRD-08,"Active Noise Cancelling Earbuds","Electronic Accessories",79.99,4,16.00,25.60,319.96,310.36,Cash,Branch A,Yangon,"Sarah Jenkins",4.2
TRX-80269,INV-2026-10269,2026-05-19,14:07,CUST-1146,Normal,Female,PRD-14,"Stainless Steel Pour-Over Kettle","Home and Lifestyle",36.50,8,14.60,0.00,292.00,306.60,Ewallet,Branch B,Mandalay,"Aisha Patel",4.8
TRX-80270,INV-2026-10270,2026-05-29,15:43,CUST-1046,Normal,Female,PRD-04,"Bamboo Charcoal Toothpaste Pack","Health and Beauty",12.00,8,4.80,0.00,96.00,100.80,Credit card,Branch B,Mandalay,"Aisha Patel",4.6
TRX-80271,INV-2026-10271,2026-08-11,13:15,CUST-1243,Member,Male,PRD-28,"Raw Organic Wildflower Honey 1kg","Food and Beverages",19.00,3,2.85,0.00,57.00,59.85,Ewallet,Branch A,Yangon,"Sarah Jenkins",4.6
TRX-80272,INV-2026-10272,2026-09-23,10:51,CUST-1270,Member,Female,PRD-28,"Raw Organic Wildflower Honey 1kg","Food and Beverages",19.00,6,5.70,0.00,114.00,119.70,Cash,Branch B,Mandalay,"Aisha Patel",3.4
TRX-80273,INV-2026-10273,2026-08-23,11:37,CUST-1176,Normal,Male,PRD-04,"Bamboo Charcoal Toothpaste Pack","Health and Beauty",12.00,6,3.60,0.00,72.00,75.60,Cash,Branch A,Yangon,"Emily Chen",4.0
TRX-80274,INV-2026-10274,2026-09-03,14:01,CUST-1299,Member,Female,PRD-08,"Active Noise Cancelling Earbuds","Electronic Accessories",79.99,7,28.00,44.79,559.93,543.14,Credit card,Branch A,Yangon,"Emily Chen",3.4
TRX-80275,INV-2026-10275,2026-08-05,15:04,CUST-1281,Normal,Female,PRD-09,"Braided 65W Fast USB-C Cable","Electronic Accessories",14.50,4,2.90,0.00,58.00,60.90,Cash,Branch C,Naypyitaw,"Marcus Vance",4.4
TRX-80276,INV-2026-10276,2026-09-11,12:55,CUST-1494,Member,Male,PRD-04,"Bamboo Charcoal Toothpaste Pack","Health and Beauty",12.00,7,4.20,0.00,84.00,88.20,Credit card,Branch B,Mandalay,"Aisha Patel",3.8
TRX-80277,INV-2026-10277,2026-08-22,12:56,CUST-1443,Normal,Male,PRD-02,"Hydrating Face Cream SPF 30","Health and Beauty",28.00,5,7.00,0.00,140.00,147.00,Cash,Branch B,Mandalay,"Aisha Patel",4.2
TRX-80278,INV-2026-10278,2026-05-18,11:24,CUST-1065,Normal,Female,PRD-07,"Magnetic Wireless Charging Pad","Electronic Accessories",38.00,6,11.40,0.00,228.00,239.40,Credit card,Branch B,Mandalay,"Aisha Patel",3.8
TRX-80279,INV-2026-10279,2026-08-20,09:06,CUST-1026,Member,Female,PRD-15,"Egyptian Cotton Bath Towel Set","Home and Lifestyle",52.00,7,18.20,0.00,364.00,382.20,Ewallet,Branch A,Yangon,"Sarah Jenkins",3.8
TRX-80280,INV-2026-10280,2026-06-05,11:20,CUST-1496,Normal,Female,PRD-10,"Multi-Port USB 3.0 Hub","Electronic Accessories",45.00,8,18.00,0.00,360.00,378.00,Ewallet,Branch B,Mandalay,"Aisha Patel",4.2
TRX-80281,INV-2026-10281,2026-07-13,17:29,CUST-1064,Normal,Female,PRD-26,"Ceremonial Grade Matcha Powder","Food and Beverages",27.00,1,1.35,0.00,27.00,28.35,Cash,Branch A,Yangon,"Sarah Jenkins",4.5
TRX-80282,INV-2026-10282,2026-05-17,15:17,CUST-1212,Normal,Male,PRD-15,"Egyptian Cotton Bath Towel Set","Home and Lifestyle",52.00,5,13.00,0.00,260.00,273.00,Ewallet,Branch B,Mandalay,"Aisha Patel",3.5
TRX-80283,INV-2026-10283,2026-09-12,14:24,CUST-1257,Normal,Male,PRD-03,"Vitamin C Brightening Cleanser","Health and Beauty",19.50,1,0.98,0.00,19.50,20.48,Credit card,Branch C,Naypyitaw,"Marcus Vance",3.3
TRX-80284,INV-2026-10284,2026-05-03,12:42,CUST-1209,Member,Female,PRD-21,"Lightweight Packable Daypack 25L","Sports and Travel",44.00,4,8.80,0.00,176.00,184.80,Ewallet,Branch B,Mandalay,"David Kim",4.3
TRX-80285,INV-2026-10285,2026-05-17,14:40,CUST-1328,Member,Male,PRD-33,"Stainless Steel Mesh Watch","Fashion Accessories",89.00,4,17.80,0.00,356.00,373.80,Ewallet,Branch A,Yangon,"Emily Chen",4.0
TRX-80286,INV-2026-10286,2026-08-07,15:22,CUST-1401,Normal,Male,PRD-07,"Magnetic Wireless Charging Pad","Electronic Accessories",38.00,7,13.30,0.00,266.00,279.30,Cash,Branch C,Naypyitaw,"Marcus Vance",3.8
TRX-80287,INV-2026-10287,2026-05-31,12:28,CUST-1155,Member,Female,PRD-32,"Genuine Leather Minimalist Wallet","Fashion Accessories",39.00,5,9.75,15.60,195.00,189.15,Credit card,Branch B,Mandalay,"Aisha Patel",4.3
TRX-80288,INV-2026-10288,2026-08-22,10:18,CUST-1264,Member,Male,PRD-31,"Polarized UV400 Sunglasses","Fashion Accessories",46.00,5,11.50,18.40,230.00,223.10,Credit card,Branch B,Mandalay,"Aisha Patel",4.6
TRX-80289,INV-2026-10289,2026-06-04,16:53,CUST-1244,Normal,Female,PRD-21,"Lightweight Packable Daypack 25L","Sports and Travel",44.00,2,4.40,0.00,88.00,92.40,Cash,Branch A,Yangon,"Sarah Jenkins",3.8
TRX-80290,INV-2026-10290,2026-06-13,17:58,CUST-1067,Member,Male,PRD-01,"Organic Argan Hair Serum","Health and Beauty",34.50,8,13.80,22.08,276.00,267.72,Ewallet,Branch B,Mandalay,"David Kim",3.2
TRX-80291,INV-2026-10291,2026-05-05,09:05,CUST-1099,Member,Male,PRD-20,"High-Density Non-Slip Yoga Mat","Sports and Travel",35.00,6,10.50,16.80,210.00,203.70,Cash,Branch B,Mandalay,"Aisha Patel",3.7
TRX-80292,INV-2026-10292,2026-06-22,14:11,CUST-1329,Normal,Male,PRD-31,"Polarized UV400 Sunglasses","Fashion Accessories",46.00,4,9.20,0.00,184.00,193.20,Credit card,Branch A,Yangon,"Sarah Jenkins",3.7
TRX-80293,INV-2026-10293,2026-05-25,09:35,CUST-1283,Member,Female,PRD-10,"Multi-Port USB 3.0 Hub","Electronic Accessories",45.00,3,6.75,0.00,135.00,141.75,Ewallet,Branch A,Yangon,"Emily Chen",4.1
TRX-80294,INV-2026-10294,2026-05-22,17:28,CUST-1160,Normal,Male,PRD-25,"Artisan Dark Roast Coffee Beans 500g","Food and Beverages",18.50,6,5.55,0.00,111.00,116.55,Credit card,Branch B,Mandalay,"Aisha Patel",3.2
TRX-80295,INV-2026-10295,2026-09-04,15:09,CUST-1241,Normal,Male,PRD-32,"Genuine Leather Minimalist Wallet","Fashion Accessories",39.00,1,1.95,0.00,39.00,40.95,Cash,Branch A,Yangon,"Sarah Jenkins",4.6
TRX-80296,INV-2026-10296,2026-06-12,10:42,CUST-1174,Member,Female,PRD-27,"Extra Virgin Cold Pressed Olive Oil","Food and Beverages",22.50,1,1.13,0.00,22.50,23.63,Cash,Branch C,Naypyitaw,"Marcus Vance",4.0
TRX-80297,INV-2026-10297,2026-07-04,13:54,CUST-1089,Member,Female,PRD-33,"Stainless Steel Mesh Watch","Fashion Accessories",89.00,1,4.45,0.00,89.00,93.45,Ewallet,Branch B,Mandalay,"David Kim",4.9
TRX-80298,INV-2026-10298,2026-05-04,12:14,CUST-1286,Normal,Male,PRD-02,"Hydrating Face Cream SPF 30","Health and Beauty",28.00,3,4.20,0.00,84.00,88.20,Ewallet,Branch A,Yangon,"Emily Chen",4.2
TRX-80299,INV-2026-10299,2026-05-31,18:22,CUST-1269,Normal,Female,PRD-32,"Genuine Leather Minimalist Wallet","Fashion Accessories",39.00,6,11.70,0.00,234.00,245.70,Credit card,Branch B,Mandalay,"David Kim",4.9
TRX-80300,INV-2026-10300,2026-08-25,16:14,CUST-1347,Member,Female,PRD-28,"Raw Organic Wildflower Honey 1kg","Food and Beverages",19.00,5,4.75,7.60,95.00,92.15,Ewallet,Branch C,Naypyitaw,"Marcus Vance",3.2
TRX-80301,INV-2026-10301,2026-05-08,15:45,CUST-1332,Normal,Female,PRD-25,"Artisan Dark Roast Coffee Beans 500g","Food and Beverages",18.50,6,5.55,0.00,111.00,116.55,Ewallet,Branch B,Mandalay,"Aisha Patel",3.6
TRX-80302,INV-2026-10302,2026-09-06,10:01,CUST-1479,Normal,Female,PRD-04,"Bamboo Charcoal Toothpaste Pack","Health and Beauty",12.00,3,1.80,0.00,36.00,37.80,Ewallet,Branch B,Mandalay,"David Kim",4.0
TRX-80303,INV-2026-10303,2026-05-26,17:45,CUST-1167,Normal,Female,PRD-19,"Vacuum Insulated Water Bottle 1L","Sports and Travel",29.50,4,5.90,0.00,118.00,123.90,Cash,Branch A,Yangon,"Emily Chen",4.7
TRX-80304,INV-2026-10304,2026-08-21,10:24,CUST-1439,Member,Male,PRD-33,"Stainless Steel Mesh Watch","Fashion Accessories",89.00,7,31.15,49.84,623.00,604.31,Cash,Branch C,Naypyitaw,"Marcus Vance",4.8
TRX-80305,INV-2026-10305,2026-06-01,16:14,CUST-1254,Member,Male,PRD-15,"Egyptian Cotton Bath Towel Set","Home and Lifestyle",52.00,4,10.40,16.64,208.00,201.76,Cash,Branch B,Mandalay,"Aisha Patel",4.8
TRX-80306,INV-2026-10306,2026-04-08,10:16,CUST-1054,Normal,Female,PRD-07,"Magnetic Wireless Charging Pad","Electronic Accessories",38.00,2,3.80,0.00,76.00,79.80,Cash,Branch B,Mandalay,"Aisha Patel",4.9
TRX-80307,INV-2026-10307,2026-04-22,15:06,CUST-1447,Member,Male,PRD-10,"Multi-Port USB 3.0 Hub","Electronic Accessories",45.00,3,6.75,0.00,135.00,141.75,Cash,Branch A,Yangon,"Emily Chen",3.8
TRX-80308,INV-2026-10308,2026-07-16,15:00,CUST-1169,Member,Male,PRD-14,"Stainless Steel Pour-Over Kettle","Home and Lifestyle",36.50,8,14.60,0.00,292.00,306.60,Cash,Branch B,Mandalay,"Aisha Patel",4.6
TRX-80309,INV-2026-10309,2026-07-17,17:29,CUST-1291,Normal,Male,PRD-04,"Bamboo Charcoal Toothpaste Pack","Health and Beauty",12.00,3,1.80,0.00,36.00,37.80,Credit card,Branch B,Mandalay,"David Kim",4.6
TRX-80310,INV-2026-10310,2026-06-23,10:31,CUST-1172,Member,Female,PRD-26,"Ceremonial Grade Matcha Powder","Food and Beverages",27.00,7,9.45,15.12,189.00,183.33,Credit card,Branch A,Yangon,"Sarah Jenkins",3.6
TRX-80311,INV-2026-10311,2026-06-18,09:48,CUST-1307,Member,Male,PRD-13,"Aroma Diffuser Ambient LED","Home and Lifestyle",48.00,4,9.60,15.36,192.00,186.24,Ewallet,Branch A,Yangon,"Emily Chen",4.1
TRX-80312,INV-2026-10312,2026-08-27,12:06,CUST-1377,Member,Male,PRD-25,"Artisan Dark Roast Coffee Beans 500g","Food and Beverages",18.50,6,5.55,0.00,111.00,116.55,Ewallet,Branch A,Yangon,"Sarah Jenkins",4.5
TRX-80313,INV-2026-10313,2026-06-29,15:27,CUST-1327,Member,Female,PRD-28,"Raw Organic Wildflower Honey 1kg","Food and Beverages",19.00,7,6.65,0.00,133.00,139.65,Ewallet,Branch B,Mandalay,"Aisha Patel",4.7
TRX-80314,INV-2026-10314,2026-08-18,19:43,CUST-1326,Member,Male,PRD-31,"Polarized UV400 Sunglasses","Fashion Accessories",46.00,7,16.10,25.76,322.00,312.34,Ewallet,Branch C,Naypyitaw,"Marcus Vance",3.5
TRX-80315,INV-2026-10315,2026-06-04,10:40,CUST-1310,Member,Male,PRD-02,"Hydrating Face Cream SPF 30","Health and Beauty",28.00,5,7.00,11.20,140.00,135.80,Cash,Branch A,Yangon,"Sarah Jenkins",3.5
TRX-80316,INV-2026-10316,2026-05-03,16:14,CUST-1156,Member,Female,PRD-10,"Multi-Port USB 3.0 Hub","Electronic Accessories",45.00,8,18.00,28.80,360.00,349.20,Credit card,Branch B,Mandalay,"Aisha Patel",3.3
TRX-80317,INV-2026-10317,2026-08-28,12:37,CUST-1234,Member,Male,PRD-33,"Stainless Steel Mesh Watch","Fashion Accessories",89.00,7,31.15,49.84,623.00,604.31,Credit card,Branch A,Yangon,"Emily Chen",4.2
TRX-80318,INV-2026-10318,2026-08-04,10:51,CUST-1435,Member,Male,PRD-08,"Active Noise Cancelling Earbuds","Electronic Accessories",79.99,1,4.00,0.00,79.99,83.99,Cash,Branch A,Yangon,"Sarah Jenkins",4.7
TRX-80319,INV-2026-10319,2026-08-08,19:11,CUST-1395,Normal,Female,PRD-19,"Vacuum Insulated Water Bottle 1L","Sports and Travel",29.50,7,10.33,0.00,206.50,216.83,Ewallet,Branch A,Yangon,"Emily Chen",3.9
TRX-80320,INV-2026-10320,2026-08-02,18:45,CUST-1058,Normal,Male,PRD-07,"Magnetic Wireless Charging Pad","Electronic Accessories",38.00,7,13.30,0.00,266.00,279.30,Cash,Branch A,Yangon,"Emily Chen",4.9
TRX-80321,INV-2026-10321,2026-08-01,09:37,CUST-1414,Member,Male,PRD-21,"Lightweight Packable Daypack 25L","Sports and Travel",44.00,1,2.20,3.52,44.00,42.68,Credit card,Branch A,Yangon,"Emily Chen",3.2
TRX-80322,INV-2026-10322,2026-09-08,12:55,CUST-1118,Member,Female,PRD-08,"Active Noise Cancelling Earbuds","Electronic Accessories",79.99,5,20.00,32.00,399.95,387.95,Cash,Branch A,Yangon,"Emily Chen",5.0
TRX-80323,INV-2026-10323,2026-04-10,12:23,CUST-1244,Member,Male,PRD-27,"Extra Virgin Cold Pressed Olive Oil","Food and Beverages",22.50,4,4.50,7.20,90.00,87.30,Ewallet,Branch B,Mandalay,"Aisha Patel",4.2
TRX-80324,INV-2026-10324,2026-05-09,10:08,CUST-1307,Member,Female,PRD-19,"Vacuum Insulated Water Bottle 1L","Sports and Travel",29.50,2,2.95,4.72,59.00,57.23,Ewallet,Branch C,Naypyitaw,"Marcus Vance",4.3
TRX-80325,INV-2026-10325,2026-08-24,20:54,CUST-1223,Normal,Male,PRD-25,"Artisan Dark Roast Coffee Beans 500g","Food and Beverages",18.50,7,6.48,0.00,129.50,135.98,Ewallet,Branch B,Mandalay,"David Kim",4.4
TRX-80326,INV-2026-10326,2026-08-26,10:49,CUST-1041,Normal,Male,PRD-01,"Organic Argan Hair Serum","Health and Beauty",34.50,1,1.73,0.00,34.50,36.23,Credit card,Branch A,Yangon,"Emily Chen",4.6
TRX-80327,INV-2026-10327,2026-06-04,09:45,CUST-1417,Normal,Female,PRD-31,"Polarized UV400 Sunglasses","Fashion Accessories",46.00,8,18.40,0.00,368.00,386.40,Ewallet,Branch A,Yangon,"Emily Chen",4.7
TRX-80328,INV-2026-10328,2026-09-20,11:47,CUST-1375,Member,Female,PRD-32,"Genuine Leather Minimalist Wallet","Fashion Accessories",39.00,2,3.90,6.24,78.00,75.66,Credit card,Branch B,Mandalay,"Aisha Patel",4.2
TRX-80329,INV-2026-10329,2026-04-12,20:58,CUST-1053,Member,Female,PRD-15,"Egyptian Cotton Bath Towel Set","Home and Lifestyle",52.00,5,13.00,20.80,260.00,252.20,Cash,Branch B,Mandalay,"Aisha Patel",3.3
TRX-80330,INV-2026-10330,2026-04-18,16:01,CUST-1399,Normal,Male,PRD-32,"Genuine Leather Minimalist Wallet","Fashion Accessories",39.00,5,9.75,0.00,195.00,204.75,Cash,Branch A,Yangon,"Emily Chen",4.2
TRX-80331,INV-2026-10331,2026-07-20,15:33,CUST-1450,Member,Female,PRD-31,"Polarized UV400 Sunglasses","Fashion Accessories",46.00,1,2.30,0.00,46.00,48.30,Credit card,Branch A,Yangon,"Sarah Jenkins",4.0
TRX-80332,INV-2026-10332,2026-06-24,13:28,CUST-1404,Member,Female,PRD-02,"Hydrating Face Cream SPF 30","Health and Beauty",28.00,7,9.80,15.68,196.00,190.12,Credit card,Branch B,Mandalay,"David Kim",3.9
TRX-80333,INV-2026-10333,2026-06-19,16:14,CUST-1323,Member,Male,PRD-04,"Bamboo Charcoal Toothpaste Pack","Health and Beauty",12.00,2,1.20,1.92,24.00,23.28,Ewallet,Branch A,Yangon,"Emily Chen",4.4
TRX-80334,INV-2026-10334,2026-05-27,09:37,CUST-1367,Normal,Male,PRD-02,"Hydrating Face Cream SPF 30","Health and Beauty",28.00,1,1.40,0.00,28.00,29.40,Cash,Branch A,Yangon,"Emily Chen",4.5
TRX-80335,INV-2026-10335,2026-04-25,11:28,CUST-1180,Member,Male,PRD-20,"High-Density Non-Slip Yoga Mat","Sports and Travel",35.00,2,3.50,5.60,70.00,67.90,Credit card,Branch A,Yangon,"Emily Chen",4.6
TRX-80336,INV-2026-10336,2026-04-16,12:19,CUST-1419,Normal,Female,PRD-28,"Raw Organic Wildflower Honey 1kg","Food and Beverages",19.00,2,1.90,0.00,38.00,39.90,Ewallet,Branch A,Yangon,"Sarah Jenkins",3.3
TRX-80337,INV-2026-10337,2026-06-04,18:52,CUST-1474,Normal,Female,PRD-20,"High-Density Non-Slip Yoga Mat","Sports and Travel",35.00,7,12.25,0.00,245.00,257.25,Credit card,Branch B,Mandalay,"Aisha Patel",4.8
TRX-80338,INV-2026-10338,2026-05-26,20:05,CUST-1444,Normal,Male,PRD-26,"Ceremonial Grade Matcha Powder","Food and Beverages",27.00,8,10.80,0.00,216.00,226.80,Cash,Branch B,Mandalay,"Aisha Patel",3.9
TRX-80339,INV-2026-10339,2026-08-03,10:19,CUST-1428,Member,Male,PRD-33,"Stainless Steel Mesh Watch","Fashion Accessories",89.00,7,31.15,0.00,623.00,654.15,Ewallet,Branch C,Naypyitaw,"Marcus Vance",3.6
TRX-80340,INV-2026-10340,2026-04-11,13:02,CUST-1250,Member,Female,PRD-08,"Active Noise Cancelling Earbuds","Electronic Accessories",79.99,3,12.00,0.00,239.97,251.97,Cash,Branch A,Yangon,"Sarah Jenkins",3.5
TRX-80341,INV-2026-10341,2026-06-03,12:30,CUST-1380,Member,Female,PRD-10,"Multi-Port USB 3.0 Hub","Electronic Accessories",45.00,2,4.50,7.20,90.00,87.30,Ewallet,Branch C,Naypyitaw,"Marcus Vance",3.8
TRX-80342,INV-2026-10342,2026-07-29,18:02,CUST-1182,Member,Male,PRD-08,"Active Noise Cancelling Earbuds","Electronic Accessories",79.99,7,28.00,44.79,559.93,543.14,Credit card,Branch B,Mandalay,"David Kim",3.2
TRX-80343,INV-2026-10343,2026-05-28,09:43,CUST-1175,Member,Female,PRD-13,"Aroma Diffuser Ambient LED","Home and Lifestyle",48.00,1,2.40,3.84,48.00,46.56,Ewallet,Branch A,Yangon,"Sarah Jenkins",4.2
TRX-80344,INV-2026-10344,2026-08-27,12:23,CUST-1425,Member,Female,PRD-14,"Stainless Steel Pour-Over Kettle","Home and Lifestyle",36.50,3,5.48,8.76,109.50,106.22,Ewallet,Branch B,Mandalay,"Aisha Patel",3.7
TRX-80345,INV-2026-10345,2026-09-16,13:16,CUST-1247,Normal,Female,PRD-19,"Vacuum Insulated Water Bottle 1L","Sports and Travel",29.50,7,10.33,0.00,206.50,216.83,Cash,Branch B,Mandalay,"David Kim",4.6
TRX-80346,INV-2026-10346,2026-06-27,17:44,CUST-1456,Member,Male,PRD-01,"Organic Argan Hair Serum","Health and Beauty",34.50,2,3.45,0.00,69.00,72.45,Credit card,Branch C,Naypyitaw,"Marcus Vance",5.0
TRX-80347,INV-2026-10347,2026-07-11,16:53,CUST-1472,Member,Female,PRD-09,"Braided 65W Fast USB-C Cable","Electronic Accessories",14.50,3,2.18,3.48,43.50,42.20,Credit card,Branch C,Naypyitaw,"Marcus Vance",4.6
TRX-80348,INV-2026-10348,2026-08-06,18:14,CUST-1161,Normal,Male,PRD-21,"Lightweight Packable Daypack 25L","Sports and Travel",44.00,5,11.00,0.00,220.00,231.00,Cash,Branch A,Yangon,"Sarah Jenkins",4.9
TRX-80349,INV-2026-10349,2026-08-28,10:03,CUST-1140,Member,Male,PRD-19,"Vacuum Insulated Water Bottle 1L","Sports and Travel",29.50,3,4.42,0.00,88.50,92.92,Credit card,Branch B,Mandalay,"Aisha Patel",4.1
TRX-80350,INV-2026-10350,2026-07-29,14:28,CUST-1054,Member,Female,PRD-20,"High-Density Non-Slip Yoga Mat","Sports and Travel",35.00,7,12.25,19.60,245.00,237.65,Cash,Branch A,Yangon,"Emily Chen",4.2
TRX-80351,INV-2026-10351,2026-06-25,17:10,CUST-1367,Normal,Female,PRD-32,"Genuine Leather Minimalist Wallet","Fashion Accessories",39.00,2,3.90,0.00,78.00,81.90,Cash,Branch B,Mandalay,"Aisha Patel",3.3
TRX-80352,INV-2026-10352,2026-04-07,13:15,CUST-1454,Normal,Female,PRD-04,"Bamboo Charcoal Toothpaste Pack","Health and Beauty",12.00,8,4.80,0.00,96.00,100.80,Ewallet,Branch B,Mandalay,"David Kim",3.4
TRX-80353,INV-2026-10353,2026-09-04,14:20,CUST-1008,Normal,Male,PRD-26,"Ceremonial Grade Matcha Powder","Food and Beverages",27.00,1,1.35,0.00,27.00,28.35,Credit card,Branch B,Mandalay,"Aisha Patel",3.4
TRX-80354,INV-2026-10354,2026-05-05,14:18,CUST-1386,Normal,Female,PRD-03,"Vitamin C Brightening Cleanser","Health and Beauty",19.50,8,7.80,0.00,156.00,163.80,Cash,Branch A,Yangon,"Emily Chen",4.3
TRX-80355,INV-2026-10355,2026-08-08,12:05,CUST-1287,Normal,Female,PRD-07,"Magnetic Wireless Charging Pad","Electronic Accessories",38.00,5,9.50,0.00,190.00,199.50,Credit card,Branch B,Mandalay,"David Kim",4.5
TRX-80356,INV-2026-10356,2026-07-15,20:15,CUST-1432,Member,Female,PRD-20,"High-Density Non-Slip Yoga Mat","Sports and Travel",35.00,7,12.25,19.60,245.00,237.65,Ewallet,Branch B,Mandalay,"David Kim",3.5
TRX-80357,INV-2026-10357,2026-04-12,10:44,CUST-1219,Member,Male,PRD-03,"Vitamin C Brightening Cleanser","Health and Beauty",19.50,7,6.83,10.92,136.50,132.41,Ewallet,Branch B,Mandalay,"Aisha Patel",4.0
TRX-80358,INV-2026-10358,2026-06-23,11:09,CUST-1373,Member,Female,PRD-15,"Egyptian Cotton Bath Towel Set","Home and Lifestyle",52.00,8,20.80,33.28,416.00,403.52,Credit card,Branch C,Naypyitaw,"Marcus Vance",3.7
TRX-80359,INV-2026-10359,2026-08-17,14:13,CUST-1139,Normal,Female,PRD-03,"Vitamin C Brightening Cleanser","Health and Beauty",19.50,8,7.80,0.00,156.00,163.80,Ewallet,Branch B,Mandalay,"Aisha Patel",4.0
TRX-80360,INV-2026-10360,2026-04-13,13:14,CUST-1469,Member,Female,PRD-14,"Stainless Steel Pour-Over Kettle","Home and Lifestyle",36.50,2,3.65,5.84,73.00,70.81,Cash,Branch A,Yangon,"Emily Chen",4.8
TRX-80361,INV-2026-10361,2026-06-07,11:36,CUST-1491,Member,Male,PRD-08,"Active Noise Cancelling Earbuds","Electronic Accessories",79.99,2,8.00,12.80,159.98,155.18,Cash,Branch A,Yangon,"Emily Chen",4.6
TRX-80362,INV-2026-10362,2026-07-27,17:40,CUST-1467,Normal,Female,PRD-21,"Lightweight Packable Daypack 25L","Sports and Travel",44.00,6,13.20,0.00,264.00,277.20,Credit card,Branch A,Yangon,"Sarah Jenkins",3.5
TRX-80363,INV-2026-10363,2026-07-30,19:25,CUST-1014,Member,Female,PRD-32,"Genuine Leather Minimalist Wallet","Fashion Accessories",39.00,1,1.95,3.12,39.00,37.83,Ewallet,Branch A,Yangon,"Sarah Jenkins",3.7
TRX-80364,INV-2026-10364,2026-04-22,16:53,CUST-1158,Member,Female,PRD-13,"Aroma Diffuser Ambient LED","Home and Lifestyle",48.00,8,19.20,30.72,384.00,372.48,Ewallet,Branch A,Yangon,"Sarah Jenkins",4.0
TRX-80365,INV-2026-10365,2026-05-07,10:37,CUST-1045,Normal,Male,PRD-19,"Vacuum Insulated Water Bottle 1L","Sports and Travel",29.50,1,1.48,0.00,29.50,30.98,Cash,Branch C,Naypyitaw,"Marcus Vance",4.4
TRX-80366,INV-2026-10366,2026-06-22,18:41,CUST-1100,Normal,Male,PRD-14,"Stainless Steel Pour-Over Kettle","Home and Lifestyle",36.50,5,9.13,0.00,182.50,191.63,Credit card,Branch A,Yangon,"Emily Chen",4.5
TRX-80367,INV-2026-10367,2026-06-21,15:42,CUST-1322,Member,Female,PRD-33,"Stainless Steel Mesh Watch","Fashion Accessories",89.00,2,8.90,0.00,178.00,186.90,Ewallet,Branch A,Yangon,"Emily Chen",3.4
TRX-80368,INV-2026-10368,2026-07-06,14:53,CUST-1169,Normal,Male,PRD-28,"Raw Organic Wildflower Honey 1kg","Food and Beverages",19.00,8,7.60,0.00,152.00,159.60,Credit card,Branch A,Yangon,"Emily Chen",4.0
TRX-80369,INV-2026-10369,2026-08-14,14:57,CUST-1101,Member,Male,PRD-01,"Organic Argan Hair Serum","Health and Beauty",34.50,3,5.18,0.00,103.50,108.68,Credit card,Branch A,Yangon,"Emily Chen",4.4
TRX-80370,INV-2026-10370,2026-06-20,17:40,CUST-1284,Member,Male,PRD-01,"Organic Argan Hair Serum","Health and Beauty",34.50,5,8.63,13.80,172.50,167.33,Ewallet,Branch B,Mandalay,"David Kim",3.5
TRX-80371,INV-2026-10371,2026-09-24,12:57,CUST-1428,Normal,Male,PRD-14,"Stainless Steel Pour-Over Kettle","Home and Lifestyle",36.50,3,5.48,0.00,109.50,114.98,Credit card,Branch C,Naypyitaw,"Marcus Vance",3.7
TRX-80372,INV-2026-10372,2026-05-12,18:52,CUST-1046,Member,Female,PRD-33,"Stainless Steel Mesh Watch","Fashion Accessories",89.00,1,4.45,0.00,89.00,93.45,Credit card,Branch C,Naypyitaw,"Marcus Vance",4.4
TRX-80373,INV-2026-10373,2026-04-15,16:57,CUST-1474,Normal,Male,PRD-02,"Hydrating Face Cream SPF 30","Health and Beauty",28.00,6,8.40,0.00,168.00,176.40,Credit card,Branch B,Mandalay,"Aisha Patel",3.5
TRX-80374,INV-2026-10374,2026-09-06,18:27,CUST-1072,Member,Female,PRD-31,"Polarized UV400 Sunglasses","Fashion Accessories",46.00,1,2.30,3.68,46.00,44.62,Credit card,Branch A,Yangon,"Emily Chen",4.0
TRX-80375,INV-2026-10375,2026-05-19,18:53,CUST-1420,Member,Male,PRD-10,"Multi-Port USB 3.0 Hub","Electronic Accessories",45.00,6,13.50,21.60,270.00,261.90,Ewallet,Branch C,Naypyitaw,"Marcus Vance",4.1
TRX-80376,INV-2026-10376,2026-05-04,19:31,CUST-1482,Member,Female,PRD-20,"High-Density Non-Slip Yoga Mat","Sports and Travel",35.00,3,5.25,0.00,105.00,110.25,Credit card,Branch A,Yangon,"Sarah Jenkins",3.3
TRX-80377,INV-2026-10377,2026-05-13,11:41,CUST-1184,Member,Female,PRD-28,"Raw Organic Wildflower Honey 1kg","Food and Beverages",19.00,2,1.90,3.04,38.00,36.86,Cash,Branch B,Mandalay,"David Kim",3.3
TRX-80378,INV-2026-10378,2026-06-10,17:22,CUST-1436,Normal,Female,PRD-02,"Hydrating Face Cream SPF 30","Health and Beauty",28.00,6,8.40,0.00,168.00,176.40,Ewallet,Branch B,Mandalay,"Aisha Patel",4.4
TRX-80379,INV-2026-10379,2026-06-26,12:46,CUST-1148,Member,Female,PRD-04,"Bamboo Charcoal Toothpaste Pack","Health and Beauty",12.00,8,4.80,0.00,96.00,100.80,Cash,Branch C,Naypyitaw,"Marcus Vance",4.8
TRX-80380,INV-2026-10380,2026-06-06,14:25,CUST-1160,Normal,Female,PRD-02,"Hydrating Face Cream SPF 30","Health and Beauty",28.00,4,5.60,0.00,112.00,117.60,Credit card,Branch B,Mandalay,"David Kim",3.6
TRX-80381,INV-2026-10381,2026-06-08,14:38,CUST-1050,Normal,Male,PRD-21,"Lightweight Packable Daypack 25L","Sports and Travel",44.00,6,13.20,0.00,264.00,277.20,Ewallet,Branch A,Yangon,"Emily Chen",4.8
TRX-80382,INV-2026-10382,2026-04-05,16:35,CUST-1231,Member,Female,PRD-01,"Organic Argan Hair Serum","Health and Beauty",34.50,5,8.63,0.00,172.50,181.13,Ewallet,Branch B,Mandalay,"Aisha Patel",4.6
TRX-80383,INV-2026-10383,2026-08-25,16:57,CUST-1465,Normal,Male,PRD-31,"Polarized UV400 Sunglasses","Fashion Accessories",46.00,8,18.40,0.00,368.00,386.40,Ewallet,Branch A,Yangon,"Sarah Jenkins",3.4
TRX-80384,INV-2026-10384,2026-09-26,14:21,CUST-1035,Member,Male,PRD-03,"Vitamin C Brightening Cleanser","Health and Beauty",19.50,3,2.93,4.68,58.50,56.75,Cash,Branch C,Naypyitaw,"Marcus Vance",4.7
TRX-80385,INV-2026-10385,2026-09-16,20:05,CUST-1255,Member,Male,PRD-02,"Hydrating Face Cream SPF 30","Health and Beauty",28.00,6,8.40,13.44,168.00,162.96,Cash,Branch B,Mandalay,"David Kim",3.4
TRX-80386,INV-2026-10386,2026-06-09,12:40,CUST-1257,Member,Female,PRD-07,"Magnetic Wireless Charging Pad","Electronic Accessories",38.00,6,11.40,0.00,228.00,239.40,Credit card,Branch B,Mandalay,"David Kim",3.7
TRX-80387,INV-2026-10387,2026-06-10,17:32,CUST-1120,Member,Male,PRD-21,"Lightweight Packable Daypack 25L","Sports and Travel",44.00,1,2.20,0.00,44.00,46.20,Cash,Branch A,Yangon,"Sarah Jenkins",4.9
TRX-80388,INV-2026-10388,2026-07-28,18:43,CUST-1088,Member,Female,PRD-13,"Aroma Diffuser Ambient LED","Home and Lifestyle",48.00,3,7.20,11.52,144.00,139.68,Ewallet,Branch B,Mandalay,"Aisha Patel",3.2
TRX-80389,INV-2026-10389,2026-06-30,13:27,CUST-1140,Member,Female,PRD-25,"Artisan Dark Roast Coffee Beans 500g","Food and Beverages",18.50,4,3.70,5.92,74.00,71.78,Credit card,Branch B,Mandalay,"David Kim",4.3
TRX-80390,INV-2026-10390,2026-05-05,09:19,CUST-1139,Normal,Female,PRD-20,"High-Density Non-Slip Yoga Mat","Sports and Travel",35.00,6,10.50,0.00,210.00,220.50,Ewallet,Branch B,Mandalay,"David Kim",3.5
TRX-80391,INV-2026-10391,2026-04-22,14:53,CUST-1113,Normal,Female,PRD-33,"Stainless Steel Mesh Watch","Fashion Accessories",89.00,1,4.45,0.00,89.00,93.45,Ewallet,Branch B,Mandalay,"Aisha Patel",5.0
TRX-80392,INV-2026-10392,2026-08-20,15:15,CUST-1452,Member,Female,PRD-33,"Stainless Steel Mesh Watch","Fashion Accessories",89.00,4,17.80,0.00,356.00,373.80,Cash,Branch C,Naypyitaw,"Marcus Vance",4.5
TRX-80393,INV-2026-10393,2026-05-14,11:10,CUST-1358,Member,Male,PRD-10,"Multi-Port USB 3.0 Hub","Electronic Accessories",45.00,2,4.50,7.20,90.00,87.30,Credit card,Branch A,Yangon,"Sarah Jenkins",3.7
TRX-80394,INV-2026-10394,2026-05-21,09:18,CUST-1476,Normal,Male,PRD-20,"High-Density Non-Slip Yoga Mat","Sports and Travel",35.00,2,3.50,0.00,70.00,73.50,Ewallet,Branch A,Yangon,"Sarah Jenkins",3.4
TRX-80395,INV-2026-10395,2026-08-02,17:36,CUST-1021,Member,Male,PRD-21,"Lightweight Packable Daypack 25L","Sports and Travel",44.00,8,17.60,28.16,352.00,341.44,Credit card,Branch C,Naypyitaw,"Marcus Vance",4.5
TRX-80396,INV-2026-10396,2026-09-02,15:23,CUST-1479,Member,Male,PRD-08,"Active Noise Cancelling Earbuds","Electronic Accessories",79.99,8,32.00,0.00,639.92,671.92,Ewallet,Branch A,Yangon,"Sarah Jenkins",4.9
TRX-80397,INV-2026-10397,2026-09-16,16:48,CUST-1479,Member,Male,PRD-04,"Bamboo Charcoal Toothpaste Pack","Health and Beauty",12.00,2,1.20,1.92,24.00,23.28,Cash,Branch A,Yangon,"Emily Chen",4.4
TRX-80398,INV-2026-10398,2026-09-05,11:23,CUST-1049,Normal,Female,PRD-21,"Lightweight Packable Daypack 25L","Sports and Travel",44.00,8,17.60,0.00,352.00,369.60,Cash,Branch B,Mandalay,"Aisha Patel",3.2
TRX-80399,INV-2026-10399,2026-07-02,11:54,CUST-1451,Normal,Male,PRD-15,"Egyptian Cotton Bath Towel Set","Home and Lifestyle",52.00,4,10.40,0.00,208.00,218.40,Cash,Branch A,Yangon,"Emily Chen",4.2
TRX-80400,INV-2026-10400,2026-07-09,15:12,CUST-1349,Normal,Female,PRD-13,"Aroma Diffuser Ambient LED","Home and Lifestyle",48.00,1,2.40,0.00,48.00,50.40,Ewallet,Branch B,Mandalay,"Aisha Patel",4.3
TRX-80401,INV-2026-10401,2026-07-18,16:12,CUST-1142,Normal,Male,PRD-27,"Extra Virgin Cold Pressed Olive Oil","Food and Beverages",22.50,2,2.25,0.00,45.00,47.25,Credit card,Branch A,Yangon,"Sarah Jenkins",4.7
TRX-80402,INV-2026-10402,2026-05-24,20:28,CUST-1065,Normal,Female,PRD-15,"Egyptian Cotton Bath Towel Set","Home and Lifestyle",52.00,5,13.00,0.00,260.00,273.00,Credit card,Branch C,Naypyitaw,"Marcus Vance",4.6
TRX-80403,INV-2026-10403,2026-06-16,17:40,CUST-1149,Normal,Female,PRD-13,"Aroma Diffuser Ambient LED","Home and Lifestyle",48.00,1,2.40,0.00,48.00,50.40,Credit card,Branch B,Mandalay,"David Kim",4.7
TRX-80404,INV-2026-10404,2026-05-07,18:25,CUST-1085,Normal,Male,PRD-15,"Egyptian Cotton Bath Towel Set","Home and Lifestyle",52.00,1,2.60,0.00,52.00,54.60,Ewallet,Branch A,Yangon,"Sarah Jenkins",4.8
TRX-80405,INV-2026-10405,2026-07-11,19:15,CUST-1395,Member,Male,PRD-31,"Polarized UV400 Sunglasses","Fashion Accessories",46.00,3,6.90,11.04,138.00,133.86,Credit card,Branch B,Mandalay,"Aisha Patel",3.3
TRX-80406,INV-2026-10406,2026-08-03,19:27,CUST-1076,Normal,Male,PRD-14,"Stainless Steel Pour-Over Kettle","Home and Lifestyle",36.50,1,1.83,0.00,36.50,38.33,Ewallet,Branch C,Naypyitaw,"Marcus Vance",5.0
TRX-80407,INV-2026-10407,2026-08-26,10:18,CUST-1098,Normal,Female,PRD-14,"Stainless Steel Pour-Over Kettle","Home and Lifestyle",36.50,4,7.30,0.00,146.00,153.30,Cash,Branch B,Mandalay,"David Kim",4.9
TRX-80408,INV-2026-10408,2026-09-04,11:52,CUST-1069,Normal,Male,PRD-33,"Stainless Steel Mesh Watch","Fashion Accessories",89.00,5,22.25,0.00,445.00,467.25,Credit card,Branch A,Yangon,"Emily Chen",4.4
TRX-80409,INV-2026-10409,2026-08-09,10:44,CUST-1247,Normal,Male,PRD-20,"High-Density Non-Slip Yoga Mat","Sports and Travel",35.00,5,8.75,0.00,175.00,183.75,Cash,Branch B,Mandalay,"Aisha Patel",4.3
TRX-80410,INV-2026-10410,2026-07-27,19:12,CUST-1351,Normal,Female,PRD-13,"Aroma Diffuser Ambient LED","Home and Lifestyle",48.00,7,16.80,0.00,336.00,352.80,Ewallet,Branch C,Naypyitaw,"Marcus Vance",3.5
TRX-80411,INV-2026-10411,2026-07-21,17:02,CUST-1051,Member,Female,PRD-14,"Stainless Steel Pour-Over Kettle","Home and Lifestyle",36.50,8,14.60,23.36,292.00,283.24,Cash,Branch A,Yangon,"Emily Chen",4.4
TRX-80412,INV-2026-10412,2026-05-03,15:30,CUST-1479,Normal,Male,PRD-32,"Genuine Leather Minimalist Wallet","Fashion Accessories",39.00,1,1.95,0.00,39.00,40.95,Cash,Branch B,Mandalay,"David Kim",4.4
TRX-80413,INV-2026-10413,2026-06-28,11:53,CUST-1369,Normal,Male,PRD-10,"Multi-Port USB 3.0 Hub","Electronic Accessories",45.00,2,4.50,0.00,90.00,94.50,Cash,Branch A,Yangon,"Sarah Jenkins",4.5
TRX-80414,INV-2026-10414,2026-06-30,16:11,CUST-1468,Member,Female,PRD-27,"Extra Virgin Cold Pressed Olive Oil","Food and Beverages",22.50,5,5.63,0.00,112.50,118.13,Cash,Branch C,Naypyitaw,"Marcus Vance",3.6
TRX-80415,INV-2026-10415,2026-08-27,16:59,CUST-1080,Normal,Male,PRD-28,"Raw Organic Wildflower Honey 1kg","Food and Beverages",19.00,3,2.85,0.00,57.00,59.85,Credit card,Branch A,Yangon,"Emily Chen",4.6
TRX-80416,INV-2026-10416,2026-05-04,19:59,CUST-1461,Member,Female,PRD-10,"Multi-Port USB 3.0 Hub","Electronic Accessories",45.00,8,18.00,0.00,360.00,378.00,Cash,Branch A,Yangon,"Emily Chen",4.1
TRX-80417,INV-2026-10417,2026-09-09,17:04,CUST-1375,Member,Male,PRD-28,"Raw Organic Wildflower Honey 1kg","Food and Beverages",19.00,5,4.75,7.60,95.00,92.15,Ewallet,Branch B,Mandalay,"David Kim",4.1
TRX-80418,INV-2026-10418,2026-06-06,13:53,CUST-1328,Normal,Female,PRD-13,"Aroma Diffuser Ambient LED","Home and Lifestyle",48.00,7,16.80,0.00,336.00,352.80,Ewallet,Branch B,Mandalay,"Aisha Patel",3.5
TRX-80419,INV-2026-10419,2026-06-10,11:33,CUST-1359,Normal,Female,PRD-27,"Extra Virgin Cold Pressed Olive Oil","Food and Beverages",22.50,3,3.38,0.00,67.50,70.88,Credit card,Branch B,Mandalay,"Aisha Patel",4.2
TRX-80420,INV-2026-10420,2026-06-03,11:20,CUST-1434,Normal,Female,PRD-10,"Multi-Port USB 3.0 Hub","Electronic Accessories",45.00,8,18.00,0.00,360.00,378.00,Ewallet,Branch A,Yangon,"Emily Chen",4.7
TRX-80421,INV-2026-10421,2026-09-10,15:15,CUST-1361,Member,Male,PRD-33,"Stainless Steel Mesh Watch","Fashion Accessories",89.00,7,31.15,49.84,623.00,604.31,Credit card,Branch C,Naypyitaw,"Marcus Vance",4.0
TRX-80422,INV-2026-10422,2026-04-13,17:05,CUST-1238,Member,Male,PRD-03,"Vitamin C Brightening Cleanser","Health and Beauty",19.50,2,1.95,3.12,39.00,37.83,Ewallet,Branch A,Yangon,"Sarah Jenkins",3.5
TRX-80423,INV-2026-10423,2026-06-12,09:40,CUST-1421,Normal,Male,PRD-25,"Artisan Dark Roast Coffee Beans 500g","Food and Beverages",18.50,4,3.70,0.00,74.00,77.70,Ewallet,Branch C,Naypyitaw,"Marcus Vance",3.3
TRX-80424,INV-2026-10424,2026-08-19,19:46,CUST-1409,Normal,Female,PRD-32,"Genuine Leather Minimalist Wallet","Fashion Accessories",39.00,3,5.85,0.00,117.00,122.85,Cash,Branch A,Yangon,"Sarah Jenkins",4.6
TRX-80425,INV-2026-10425,2026-09-26,10:23,CUST-1401,Normal,Male,PRD-32,"Genuine Leather Minimalist Wallet","Fashion Accessories",39.00,7,13.65,0.00,273.00,286.65,Credit card,Branch A,Yangon,"Sarah Jenkins",3.8
TRX-80426,INV-2026-10426,2026-04-17,19:16,CUST-1267,Member,Female,PRD-03,"Vitamin C Brightening Cleanser","Health and Beauty",19.50,4,3.90,6.24,78.00,75.66,Ewallet,Branch B,Mandalay,"David Kim",4.2
TRX-80427,INV-2026-10427,2026-05-21,15:27,CUST-1437,Member,Male,PRD-07,"Magnetic Wireless Charging Pad","Electronic Accessories",38.00,3,5.70,0.00,114.00,119.70,Ewallet,Branch B,Mandalay,"Aisha Patel",4.3
TRX-80428,INV-2026-10428,2026-06-26,16:09,CUST-1440,Member,Female,PRD-14,"Stainless Steel Pour-Over Kettle","Home and Lifestyle",36.50,3,5.48,0.00,109.50,114.98,Ewallet,Branch C,Naypyitaw,"Marcus Vance",3.9
TRX-80429,INV-2026-10429,2026-07-16,12:18,CUST-1340,Normal,Male,PRD-27,"Extra Virgin Cold Pressed Olive Oil","Food and Beverages",22.50,2,2.25,0.00,45.00,47.25,Cash,Branch A,Yangon,"Emily Chen",3.6
TRX-80430,INV-2026-10430,2026-09-13,14:52,CUST-1396,Member,Female,PRD-25,"Artisan Dark Roast Coffee Beans 500g","Food and Beverages",18.50,4,3.70,5.92,74.00,71.78,Cash,Branch A,Yangon,"Emily Chen",4.4
TRX-80431,INV-2026-10431,2026-08-25,19:20,CUST-1204,Member,Female,PRD-26,"Ceremonial Grade Matcha Powder","Food and Beverages",27.00,8,10.80,17.28,216.00,209.52,Cash,Branch A,Yangon,"Emily Chen",4.3
TRX-80432,INV-2026-10432,2026-05-08,13:19,CUST-1402,Member,Female,PRD-21,"Lightweight Packable Daypack 25L","Sports and Travel",44.00,5,11.00,0.00,220.00,231.00,Cash,Branch A,Yangon,"Sarah Jenkins",3.4
TRX-80433,INV-2026-10433,2026-04-13,13:52,CUST-1118,Member,Female,PRD-04,"Bamboo Charcoal Toothpaste Pack","Health and Beauty",12.00,8,4.80,7.68,96.00,93.12,Cash,Branch B,Mandalay,"David Kim",4.7
TRX-80434,INV-2026-10434,2026-04-26,12:05,CUST-1198,Member,Male,PRD-19,"Vacuum Insulated Water Bottle 1L","Sports and Travel",29.50,4,5.90,9.44,118.00,114.46,Cash,Branch C,Naypyitaw,"Marcus Vance",3.5
TRX-80435,INV-2026-10435,2026-06-21,12:30,CUST-1026,Member,Female,PRD-03,"Vitamin C Brightening Cleanser","Health and Beauty",19.50,7,6.83,10.92,136.50,132.41,Credit card,Branch C,Naypyitaw,"Marcus Vance",4.6
TRX-80436,INV-2026-10436,2026-06-15,16:00,CUST-1235,Normal,Female,PRD-09,"Braided 65W Fast USB-C Cable","Electronic Accessories",14.50,6,4.35,0.00,87.00,91.35,Credit card,Branch C,Naypyitaw,"Marcus Vance",4.3
TRX-80437,INV-2026-10437,2026-08-10,16:37,CUST-1284,Member,Female,PRD-21,"Lightweight Packable Daypack 25L","Sports and Travel",44.00,7,15.40,0.00,308.00,323.40,Credit card,Branch B,Mandalay,"David Kim",3.9
TRX-80438,INV-2026-10438,2026-08-22,10:37,CUST-1152,Normal,Male,PRD-02,"Hydrating Face Cream SPF 30","Health and Beauty",28.00,5,7.00,0.00,140.00,147.00,Cash,Branch A,Yangon,"Sarah Jenkins",4.8
TRX-80439,INV-2026-10439,2026-06-17,10:32,CUST-1377,Normal,Female,PRD-31,"Polarized UV400 Sunglasses","Fashion Accessories",46.00,3,6.90,0.00,138.00,144.90,Cash,Branch A,Yangon,"Emily Chen",3.3
TRX-80440,INV-2026-10440,2026-07-25,19:32,CUST-1202,Member,Male,PRD-31,"Polarized UV400 Sunglasses","Fashion Accessories",46.00,1,2.30,3.68,46.00,44.62,Ewallet,Branch B,Mandalay,"David Kim",3.7
TRX-80441,INV-2026-10441,2026-08-24,19:30,CUST-1369,Member,Male,PRD-07,"Magnetic Wireless Charging Pad","Electronic Accessories",38.00,8,15.20,24.32,304.00,294.88,Credit card,Branch B,Mandalay,"David Kim",3.7
TRX-80442,INV-2026-10442,2026-09-13,19:11,CUST-1094,Normal,Male,PRD-26,"Ceremonial Grade Matcha Powder","Food and Beverages",27.00,8,10.80,0.00,216.00,226.80,Ewallet,Branch A,Yangon,"Emily Chen",5.0
TRX-80443,INV-2026-10443,2026-06-27,20:18,CUST-1174,Member,Female,PRD-10,"Multi-Port USB 3.0 Hub","Electronic Accessories",45.00,6,13.50,21.60,270.00,261.90,Ewallet,Branch A,Yangon,"Sarah Jenkins",3.6
TRX-80444,INV-2026-10444,2026-05-17,20:18,CUST-1320,Member,Female,PRD-09,"Braided 65W Fast USB-C Cable","Electronic Accessories",14.50,1,0.73,0.00,14.50,15.23,Credit card,Branch B,Mandalay,"Aisha Patel",4.1
TRX-80445,INV-2026-10445,2026-06-10,19:52,CUST-1166,Normal,Male,PRD-04,"Bamboo Charcoal Toothpaste Pack","Health and Beauty",12.00,5,3.00,0.00,60.00,63.00,Cash,Branch B,Mandalay,"Aisha Patel",4.8
TRX-80446,INV-2026-10446,2026-09-17,14:45,CUST-1071,Member,Male,PRD-09,"Braided 65W Fast USB-C Cable","Electronic Accessories",14.50,8,5.80,9.28,116.00,112.52,Ewallet,Branch B,Mandalay,"David Kim",4.1
TRX-80447,INV-2026-10447,2026-05-21,11:30,CUST-1164,Member,Female,PRD-08,"Active Noise Cancelling Earbuds","Electronic Accessories",79.99,6,24.00,38.40,479.94,465.54,Ewallet,Branch C,Naypyitaw,"Marcus Vance",3.8
TRX-80448,INV-2026-10448,2026-09-09,17:38,CUST-1277,Normal,Male,PRD-02,"Hydrating Face Cream SPF 30","Health and Beauty",28.00,1,1.40,0.00,28.00,29.40,Cash,Branch B,Mandalay,"Aisha Patel",4.1
TRX-80449,INV-2026-10449,2026-08-26,13:45,CUST-1227,Member,Female,PRD-08,"Active Noise Cancelling Earbuds","Electronic Accessories",79.99,3,12.00,0.00,239.97,251.97,Cash,Branch A,Yangon,"Emily Chen",4.8
TRX-80450,INV-2026-10450,2026-08-21,20:00,CUST-1324,Normal,Male,PRD-10,"Multi-Port USB 3.0 Hub","Electronic Accessories",45.00,3,6.75,0.00,135.00,141.75,Ewallet,Branch B,Mandalay,"David Kim",4.0
TRX-80451,INV-2026-10451,2026-08-13,18:02,CUST-1437,Normal,Female,PRD-13,"Aroma Diffuser Ambient LED","Home and Lifestyle",48.00,2,4.80,0.00,96.00,100.80,Credit card,Branch B,Mandalay,"David Kim",3.4
TRX-80452,INV-2026-10452,2026-05-31,09:25,CUST-1074,Normal,Male,PRD-10,"Multi-Port USB 3.0 Hub","Electronic Accessories",45.00,5,11.25,0.00,225.00,236.25,Cash,Branch B,Mandalay,"David Kim",4.5
TRX-80453,INV-2026-10453,2026-08-14,12:52,CUST-1359,Member,Male,PRD-25,"Artisan Dark Roast Coffee Beans 500g","Food and Beverages",18.50,8,7.40,0.00,148.00,155.40,Cash,Branch A,Yangon,"Sarah Jenkins",3.7
TRX-80454,INV-2026-10454,2026-05-07,10:38,CUST-1133,Member,Female,PRD-28,"Raw Organic Wildflower Honey 1kg","Food and Beverages",19.00,2,1.90,3.04,38.00,36.86,Cash,Branch B,Mandalay,"Aisha Patel",3.2
TRX-80455,INV-2026-10455,2026-05-12,19:42,CUST-1060,Normal,Male,PRD-02,"Hydrating Face Cream SPF 30","Health and Beauty",28.00,5,7.00,0.00,140.00,147.00,Ewallet,Branch A,Yangon,"Emily Chen",3.5
TRX-80456,INV-2026-10456,2026-06-05,15:01,CUST-1423,Member,Female,PRD-32,"Genuine Leather Minimalist Wallet","Fashion Accessories",39.00,5,9.75,15.60,195.00,189.15,Credit card,Branch B,Mandalay,"David Kim",3.7
TRX-80457,INV-2026-10457,2026-04-17,14:54,CUST-1489,Member,Female,PRD-26,"Ceremonial Grade Matcha Powder","Food and Beverages",27.00,4,5.40,8.64,108.00,104.76,Ewallet,Branch B,Mandalay,"Aisha Patel",3.3
TRX-80458,INV-2026-10458,2026-07-23,13:59,CUST-1368,Normal,Female,PRD-02,"Hydrating Face Cream SPF 30","Health and Beauty",28.00,5,7.00,0.00,140.00,147.00,Cash,Branch B,Mandalay,"Aisha Patel",3.4
TRX-80459,INV-2026-10459,2026-09-05,16:43,CUST-1369,Normal,Male,PRD-19,"Vacuum Insulated Water Bottle 1L","Sports and Travel",29.50,4,5.90,0.00,118.00,123.90,Ewallet,Branch A,Yangon,"Emily Chen",4.5
TRX-80460,INV-2026-10460,2026-06-15,10:58,CUST-1225,Normal,Male,PRD-31,"Polarized UV400 Sunglasses","Fashion Accessories",46.00,2,4.60,0.00,92.00,96.60,Cash,Branch A,Yangon,"Sarah Jenkins",3.3
TRX-80461,INV-2026-10461,2026-07-06,14:34,CUST-1179,Normal,Male,PRD-20,"High-Density Non-Slip Yoga Mat","Sports and Travel",35.00,4,7.00,0.00,140.00,147.00,Ewallet,Branch A,Yangon,"Sarah Jenkins",4.1
TRX-80462,INV-2026-10462,2026-04-14,14:32,CUST-1023,Normal,Male,PRD-13,"Aroma Diffuser Ambient LED","Home and Lifestyle",48.00,3,7.20,0.00,144.00,151.20,Ewallet,Branch A,Yangon,"Sarah Jenkins",5.0
TRX-80463,INV-2026-10463,2026-06-06,15:38,CUST-1491,Member,Female,PRD-28,"Raw Organic Wildflower Honey 1kg","Food and Beverages",19.00,1,0.95,1.52,19.00,18.43,Credit card,Branch B,Mandalay,"Aisha Patel",4.4
TRX-80464,INV-2026-10464,2026-07-10,14:37,CUST-1107,Member,Male,PRD-25,"Artisan Dark Roast Coffee Beans 500g","Food and Beverages",18.50,6,5.55,8.88,111.00,107.67,Cash,Branch A,Yangon,"Sarah Jenkins",4.6
TRX-80465,INV-2026-10465,2026-06-16,10:17,CUST-1188,Normal,Male,PRD-10,"Multi-Port USB 3.0 Hub","Electronic Accessories",45.00,6,13.50,0.00,270.00,283.50,Ewallet,Branch B,Mandalay,"David Kim",4.5
TRX-80466,INV-2026-10466,2026-08-08,11:39,CUST-1334,Member,Female,PRD-26,"Ceremonial Grade Matcha Powder","Food and Beverages",27.00,5,6.75,0.00,135.00,141.75,Cash,Branch B,Mandalay,"Aisha Patel",4.3
TRX-80467,INV-2026-10467,2026-06-17,12:59,CUST-1146,Normal,Male,PRD-20,"High-Density Non-Slip Yoga Mat","Sports and Travel",35.00,3,5.25,0.00,105.00,110.25,Ewallet,Branch C,Naypyitaw,"Marcus Vance",3.7
TRX-80468,INV-2026-10468,2026-05-14,11:38,CUST-1254,Normal,Male,PRD-09,"Braided 65W Fast USB-C Cable","Electronic Accessories",14.50,4,2.90,0.00,58.00,60.90,Credit card,Branch C,Naypyitaw,"Marcus Vance",3.2
TRX-80469,INV-2026-10469,2026-07-08,19:37,CUST-1336,Member,Male,PRD-02,"Hydrating Face Cream SPF 30","Health and Beauty",28.00,6,8.40,13.44,168.00,162.96,Credit card,Branch B,Mandalay,"Aisha Patel",4.7
TRX-80470,INV-2026-10470,2026-05-07,09:37,CUST-1088,Member,Female,PRD-26,"Ceremonial Grade Matcha Powder","Food and Beverages",27.00,1,1.35,2.16,27.00,26.19,Credit card,Branch B,Mandalay,"Aisha Patel",3.4
TRX-80471,INV-2026-10471,2026-09-05,13:32,CUST-1195,Normal,Male,PRD-08,"Active Noise Cancelling Earbuds","Electronic Accessories",79.99,8,32.00,0.00,639.92,671.92,Cash,Branch A,Yangon,"Emily Chen",3.9
TRX-80472,INV-2026-10472,2026-08-03,12:16,CUST-1433,Normal,Male,PRD-10,"Multi-Port USB 3.0 Hub","Electronic Accessories",45.00,3,6.75,0.00,135.00,141.75,Credit card,Branch C,Naypyitaw,"Marcus Vance",5.0
TRX-80473,INV-2026-10473,2026-09-08,10:42,CUST-1354,Member,Male,PRD-28,"Raw Organic Wildflower Honey 1kg","Food and Beverages",19.00,3,2.85,4.56,57.00,55.29,Cash,Branch C,Naypyitaw,"Marcus Vance",4.9
TRX-80474,INV-2026-10474,2026-06-14,09:46,CUST-1311,Member,Male,PRD-25,"Artisan Dark Roast Coffee Beans 500g","Food and Beverages",18.50,1,0.93,1.48,18.50,17.95,Credit card,Branch B,Mandalay,"Aisha Patel",3.9
TRX-80475,INV-2026-10475,2026-08-10,18:19,CUST-1292,Normal,Male,PRD-09,"Braided 65W Fast USB-C Cable","Electronic Accessories",14.50,3,2.18,0.00,43.50,45.68,Ewallet,Branch A,Yangon,"Sarah Jenkins",4.8
TRX-80476,INV-2026-10476,2026-08-23,12:26,CUST-1019,Member,Male,PRD-28,"Raw Organic Wildflower Honey 1kg","Food and Beverages",19.00,6,5.70,0.00,114.00,119.70,Cash,Branch A,Yangon,"Sarah Jenkins",4.0
TRX-80477,INV-2026-10477,2026-06-01,11:33,CUST-1449,Member,Male,PRD-13,"Aroma Diffuser Ambient LED","Home and Lifestyle",48.00,7,16.80,26.88,336.00,325.92,Credit card,Branch B,Mandalay,"David Kim",3.3
TRX-80478,INV-2026-10478,2026-06-27,17:12,CUST-1132,Member,Female,PRD-03,"Vitamin C Brightening Cleanser","Health and Beauty",19.50,1,0.98,1.56,19.50,18.92,Cash,Branch B,Mandalay,"David Kim",4.9
TRX-80479,INV-2026-10479,2026-05-29,09:11,CUST-1257,Member,Male,PRD-01,"Organic Argan Hair Serum","Health and Beauty",34.50,6,10.35,0.00,207.00,217.35,Cash,Branch B,Mandalay,"David Kim",3.9
TRX-80480,INV-2026-10480,2026-06-19,18:20,CUST-1053,Member,Female,PRD-07,"Magnetic Wireless Charging Pad","Electronic Accessories",38.00,1,1.90,3.04,38.00,36.86,Cash,Branch B,Mandalay,"David Kim",3.5
TRX-80481,INV-2026-10481,2026-07-18,09:31,CUST-1337,Normal,Female,PRD-19,"Vacuum Insulated Water Bottle 1L","Sports and Travel",29.50,3,4.42,0.00,88.50,92.92,Credit card,Branch B,Mandalay,"Aisha Patel",4.6
TRX-80482,INV-2026-10482,2026-08-04,12:57,CUST-1043,Normal,Female,PRD-04,"Bamboo Charcoal Toothpaste Pack","Health and Beauty",12.00,1,0.60,0.00,12.00,12.60,Credit card,Branch B,Mandalay,"David Kim",4.3
TRX-80483,INV-2026-10483,2026-04-23,17:14,CUST-1409,Member,Female,PRD-08,"Active Noise Cancelling Earbuds","Electronic Accessories",79.99,6,24.00,0.00,479.94,503.94,Ewallet,Branch C,Naypyitaw,"Marcus Vance",3.3
TRX-80484,INV-2026-10484,2026-06-29,09:32,CUST-1135,Member,Female,PRD-27,"Extra Virgin Cold Pressed Olive Oil","Food and Beverages",22.50,1,1.13,1.80,22.50,21.83,Ewallet,Branch C,Naypyitaw,"Marcus Vance",3.3
TRX-80485,INV-2026-10485,2026-07-30,12:45,CUST-1086,Member,Female,PRD-20,"High-Density Non-Slip Yoga Mat","Sports and Travel",35.00,8,14.00,22.40,280.00,271.60,Credit card,Branch B,Mandalay,"Aisha Patel",4.3
TRX-80486,INV-2026-10486,2026-05-19,10:48,CUST-1165,Normal,Male,PRD-20,"High-Density Non-Slip Yoga Mat","Sports and Travel",35.00,7,12.25,0.00,245.00,257.25,Credit card,Branch B,Mandalay,"David Kim",3.6
TRX-80487,INV-2026-10487,2026-05-08,11:48,CUST-1224,Normal,Female,PRD-04,"Bamboo Charcoal Toothpaste Pack","Health and Beauty",12.00,5,3.00,0.00,60.00,63.00,Cash,Branch C,Naypyitaw,"Marcus Vance",3.2
TRX-80488,INV-2026-10488,2026-04-27,14:18,CUST-1480,Member,Male,PRD-13,"Aroma Diffuser Ambient LED","Home and Lifestyle",48.00,8,19.20,30.72,384.00,372.48,Credit card,Branch A,Yangon,"Sarah Jenkins",4.1
TRX-80489,INV-2026-10489,2026-07-01,16:27,CUST-1431,Member,Female,PRD-03,"Vitamin C Brightening Cleanser","Health and Beauty",19.50,4,3.90,6.24,78.00,75.66,Ewallet,Branch B,Mandalay,"David Kim",4.9
TRX-80490,INV-2026-10490,2026-05-23,12:45,CUST-1076,Member,Female,PRD-13,"Aroma Diffuser Ambient LED","Home and Lifestyle",48.00,6,14.40,0.00,288.00,302.40,Credit card,Branch A,Yangon,"Emily Chen",4.9
TRX-80491,INV-2026-10491,2026-04-27,20:27,CUST-1098,Member,Male,PRD-26,"Ceremonial Grade Matcha Powder","Food and Beverages",27.00,6,8.10,12.96,162.00,157.14,Cash,Branch B,Mandalay,"David Kim",3.9
TRX-80492,INV-2026-10492,2026-07-10,18:24,CUST-1413,Member,Male,PRD-21,"Lightweight Packable Daypack 25L","Sports and Travel",44.00,3,6.60,10.56,132.00,128.04,Credit card,Branch A,Yangon,"Sarah Jenkins",4.2
TRX-80493,INV-2026-10493,2026-06-16,18:05,CUST-1359,Member,Female,PRD-03,"Vitamin C Brightening Cleanser","Health and Beauty",19.50,8,7.80,12.48,156.00,151.32,Ewallet,Branch A,Yangon,"Emily Chen",3.8
TRX-80494,INV-2026-10494,2026-06-27,18:17,CUST-1192,Normal,Female,PRD-03,"Vitamin C Brightening Cleanser","Health and Beauty",19.50,2,1.95,0.00,39.00,40.95,Cash,Branch C,Naypyitaw,"Marcus Vance",3.3
TRX-80495,INV-2026-10495,2026-08-01,15:43,CUST-1204,Member,Female,PRD-13,"Aroma Diffuser Ambient LED","Home and Lifestyle",48.00,8,19.20,30.72,384.00,372.48,Credit card,Branch A,Yangon,"Sarah Jenkins",3.5
TRX-80496,INV-2026-10496,2026-07-04,12:34,CUST-1291,Normal,Male,PRD-25,"Artisan Dark Roast Coffee Beans 500g","Food and Beverages",18.50,1,0.93,0.00,18.50,19.43,Credit card,Branch B,Mandalay,"Aisha Patel",3.5
TRX-80497,INV-2026-10497,2026-09-13,09:10,CUST-1004,Member,Male,PRD-14,"Stainless Steel Pour-Over Kettle","Home and Lifestyle",36.50,3,5.48,8.76,109.50,106.22,Credit card,Branch A,Yangon,"Sarah Jenkins",3.3
TRX-80498,INV-2026-10498,2026-07-30,19:44,CUST-1183,Member,Female,PRD-31,"Polarized UV400 Sunglasses","Fashion Accessories",46.00,3,6.90,11.04,138.00,133.86,Ewallet,Branch B,Mandalay,"David Kim",3.7
TRX-80499,INV-2026-10499,2026-06-05,16:47,CUST-1412,Normal,Female,PRD-04,"Bamboo Charcoal Toothpaste Pack","Health and Beauty",12.00,8,4.80,0.00,96.00,100.80,Cash,Branch B,Mandalay,"Aisha Patel",4.7
TRX-80500,INV-2026-10500,2026-07-29,09:36,CUST-1343,Member,Male,PRD-10,"Multi-Port USB 3.0 Hub","Electronic Accessories",45.00,3,6.75,10.80,135.00,130.95,Cash,Branch B,Mandalay,"David Kim",4.9
TRX-80501,INV-2026-10501,2026-05-13,11:04,CUST-1315,Normal,Male,PRD-09,"Braided 65W Fast USB-C Cable","Electronic Accessories",14.50,3,2.18,0.00,43.50,45.68,Credit card,Branch A,Yangon,"Emily Chen",3.6
TRX-80502,INV-2026-10502,2026-08-21,09:27,CUST-1439,Member,Female,PRD-19,"Vacuum Insulated Water Bottle 1L","Sports and Travel",29.50,7,10.33,0.00,206.50,216.83,Ewallet,Branch A,Yangon,"Emily Chen",4.5
TRX-80503,INV-2026-10503,2026-06-14,14:55,CUST-1402,Normal,Male,PRD-21,"Lightweight Packable Daypack 25L","Sports and Travel",44.00,2,4.40,0.00,88.00,92.40,Credit card,Branch B,Mandalay,"Aisha Patel",4.1
TRX-80504,INV-2026-10504,2026-05-05,10:50,CUST-1058,Normal,Male,PRD-01,"Organic Argan Hair Serum","Health and Beauty",34.50,8,13.80,0.00,276.00,289.80,Credit card,Branch B,Mandalay,"David Kim",4.7
TRX-80505,INV-2026-10505,2026-07-06,12:29,CUST-1007,Member,Female,PRD-28,"Raw Organic Wildflower Honey 1kg","Food and Beverages",19.00,4,3.80,6.08,76.00,73.72,Ewallet,Branch B,Mandalay,"Aisha Patel",3.7
TRX-80506,INV-2026-10506,2026-07-24,16:34,CUST-1345,Member,Male,PRD-26,"Ceremonial Grade Matcha Powder","Food and Beverages",27.00,7,9.45,0.00,189.00,198.45,Ewallet,Branch A,Yangon,"Emily Chen",3.5
TRX-80507,INV-2026-10507,2026-07-26,20:29,CUST-1018,Member,Male,PRD-15,"Egyptian Cotton Bath Towel Set","Home and Lifestyle",52.00,5,13.00,20.80,260.00,252.20,Cash,Branch B,Mandalay,"Aisha Patel",3.5
TRX-80508,INV-2026-10508,2026-05-09,13:11,CUST-1370,Member,Male,PRD-25,"Artisan Dark Roast Coffee Beans 500g","Food and Beverages",18.50,4,3.70,5.92,74.00,71.78,Cash,Branch B,Mandalay,"Aisha Patel",3.8
TRX-80509,INV-2026-10509,2026-08-10,09:58,CUST-1327,Member,Female,PRD-27,"Extra Virgin Cold Pressed Olive Oil","Food and Beverages",22.50,5,5.63,9.00,112.50,109.13,Ewallet,Branch A,Yangon,"Sarah Jenkins",4.2
TRX-80510,INV-2026-10510,2026-06-06,13:12,CUST-1013,Member,Female,PRD-02,"Hydrating Face Cream SPF 30","Health and Beauty",28.00,5,7.00,11.20,140.00,135.80,Cash,Branch B,Mandalay,"Aisha Patel",3.5
TRX-80511,INV-2026-10511,2026-06-04,11:41,CUST-1064,Normal,Female,PRD-01,"Organic Argan Hair Serum","Health and Beauty",34.50,4,6.90,0.00,138.00,144.90,Cash,Branch B,Mandalay,"David Kim",4.1
TRX-80512,INV-2026-10512,2026-08-21,19:57,CUST-1250,Normal,Male,PRD-04,"Bamboo Charcoal Toothpaste Pack","Health and Beauty",12.00,1,0.60,0.00,12.00,12.60,Ewallet,Branch A,Yangon,"Emily Chen",4.4
TRX-80513,INV-2026-10513,2026-07-13,17:04,CUST-1178,Member,Male,PRD-33,"Stainless Steel Mesh Watch","Fashion Accessories",89.00,5,22.25,35.60,445.00,431.65,Cash,Branch C,Naypyitaw,"Marcus Vance",4.4
TRX-80514,INV-2026-10514,2026-08-03,10:12,CUST-1382,Member,Male,PRD-15,"Egyptian Cotton Bath Towel Set","Home and Lifestyle",52.00,6,15.60,24.96,312.00,302.64,Cash,Branch B,Mandalay,"David Kim",4.7
TRX-80515,INV-2026-10515,2026-07-12,16:45,CUST-1237,Normal,Male,PRD-31,"Polarized UV400 Sunglasses","Fashion Accessories",46.00,8,18.40,0.00,368.00,386.40,Ewallet,Branch B,Mandalay,"David Kim",4.6
TRX-80516,INV-2026-10516,2026-09-12,12:33,CUST-1001,Member,Female,PRD-21,"Lightweight Packable Daypack 25L","Sports and Travel",44.00,3,6.60,0.00,132.00,138.60,Credit card,Branch B,Mandalay,"Aisha Patel",4.9
TRX-80517,INV-2026-10517,2026-07-03,17:07,CUST-1343,Normal,Female,PRD-21,"Lightweight Packable Daypack 25L","Sports and Travel",44.00,2,4.40,0.00,88.00,92.40,Ewallet,Branch A,Yangon,"Emily Chen",4.0
TRX-80518,INV-2026-10518,2026-07-10,09:41,CUST-1254,Member,Male,PRD-33,"Stainless Steel Mesh Watch","Fashion Accessories",89.00,4,17.80,28.48,356.00,345.32,Ewallet,Branch C,Naypyitaw,"Marcus Vance",4.0
TRX-80519,INV-2026-10519,2026-05-16,15:23,CUST-1153,Normal,Female,PRD-31,"Polarized UV400 Sunglasses","Fashion Accessories",46.00,4,9.20,0.00,184.00,193.20,Credit card,Branch B,Mandalay,"Aisha Patel",3.8
TRX-80520,INV-2026-10520,2026-09-20,15:41,CUST-1410,Member,Male,PRD-15,"Egyptian Cotton Bath Towel Set","Home and Lifestyle",52.00,6,15.60,24.96,312.00,302.64,Cash,Branch A,Yangon,"Emily Chen",4.6
TRX-80521,INV-2026-10521,2026-05-18,19:18,CUST-1350,Member,Male,PRD-19,"Vacuum Insulated Water Bottle 1L","Sports and Travel",29.50,4,5.90,9.44,118.00,114.46,Cash,Branch B,Mandalay,"David Kim",3.3
TRX-80522,INV-2026-10522,2026-07-14,12:06,CUST-1140,Normal,Female,PRD-04,"Bamboo Charcoal Toothpaste Pack","Health and Beauty",12.00,2,1.20,0.00,24.00,25.20,Credit card,Branch C,Naypyitaw,"Marcus Vance",4.5
TRX-80523,INV-2026-10523,2026-04-11,10:58,CUST-1185,Normal,Male,PRD-21,"Lightweight Packable Daypack 25L","Sports and Travel",44.00,2,4.40,0.00,88.00,92.40,Cash,Branch B,Mandalay,"David Kim",3.3
TRX-80524,INV-2026-10524,2026-05-07,17:39,CUST-1288,Normal,Female,PRD-33,"Stainless Steel Mesh Watch","Fashion Accessories",89.00,7,31.15,0.00,623.00,654.15,Credit card,Branch C,Naypyitaw,"Marcus Vance",4.1
TRX-80525,INV-2026-10525,2026-04-26,19:59,CUST-1210,Member,Female,PRD-02,"Hydrating Face Cream SPF 30","Health and Beauty",28.00,4,5.60,0.00,112.00,117.60,Ewallet,Branch B,Mandalay,"David Kim",3.4
TRX-80526,INV-2026-10526,2026-07-16,14:00,CUST-1069,Normal,Female,PRD-33,"Stainless Steel Mesh Watch","Fashion Accessories",89.00,7,31.15,0.00,623.00,654.15,Credit card,Branch C,Naypyitaw,"Marcus Vance",3.8
TRX-80527,INV-2026-10527,2026-07-23,09:35,CUST-1330,Member,Female,PRD-25,"Artisan Dark Roast Coffee Beans 500g","Food and Beverages",18.50,6,5.55,8.88,111.00,107.67,Cash,Branch B,Mandalay,"Aisha Patel",4.0
TRX-80528,INV-2026-10528,2026-06-06,14:03,CUST-1060,Member,Male,PRD-01,"Organic Argan Hair Serum","Health and Beauty",34.50,3,5.18,8.28,103.50,100.40,Credit card,Branch B,Mandalay,"Aisha Patel",4.1
TRX-80529,INV-2026-10529,2026-09-26,14:14,CUST-1490,Member,Male,PRD-07,"Magnetic Wireless Charging Pad","Electronic Accessories",38.00,6,11.40,0.00,228.00,239.40,Ewallet,Branch B,Mandalay,"David Kim",3.6
TRX-80530,INV-2026-10530,2026-07-28,20:58,CUST-1372,Normal,Male,PRD-10,"Multi-Port USB 3.0 Hub","Electronic Accessories",45.00,6,13.50,0.00,270.00,283.50,Cash,Branch C,Naypyitaw,"Marcus Vance",4.9
TRX-80531,INV-2026-10531,2026-04-14,17:32,CUST-1011,Normal,Female,PRD-10,"Multi-Port USB 3.0 Hub","Electronic Accessories",45.00,5,11.25,0.00,225.00,236.25,Credit card,Branch A,Yangon,"Emily Chen",3.4
TRX-80532,INV-2026-10532,2026-04-07,12:51,CUST-1295,Normal,Female,PRD-15,"Egyptian Cotton Bath Towel Set","Home and Lifestyle",52.00,3,7.80,0.00,156.00,163.80,Ewallet,Branch A,Yangon,"Emily Chen",4.4
TRX-80533,INV-2026-10533,2026-04-19,17:35,CUST-1293,Member,Female,PRD-28,"Raw Organic Wildflower Honey 1kg","Food and Beverages",19.00,6,5.70,9.12,114.00,110.58,Ewallet,Branch B,Mandalay,"David Kim",4.7
TRX-80534,INV-2026-10534,2026-08-02,20:42,CUST-1347,Normal,Female,PRD-08,"Active Noise Cancelling Earbuds","Electronic Accessories",79.99,4,16.00,0.00,319.96,335.96,Ewallet,Branch B,Mandalay,"David Kim",4.2
TRX-80535,INV-2026-10535,2026-05-02,16:09,CUST-1209,Member,Male,PRD-19,"Vacuum Insulated Water Bottle 1L","Sports and Travel",29.50,3,4.42,7.08,88.50,85.84,Credit card,Branch A,Yangon,"Emily Chen",3.2
TRX-80536,INV-2026-10536,2026-08-17,10:17,CUST-1083,Member,Male,PRD-10,"Multi-Port USB 3.0 Hub","Electronic Accessories",45.00,8,18.00,0.00,360.00,378.00,Cash,Branch C,Naypyitaw,"Marcus Vance",4.3
TRX-80537,INV-2026-10537,2026-04-27,09:15,CUST-1196,Member,Male,PRD-26,"Ceremonial Grade Matcha Powder","Food and Beverages",27.00,1,1.35,2.16,27.00,26.19,Cash,Branch C,Naypyitaw,"Marcus Vance",3.3
TRX-80538,INV-2026-10538,2026-08-13,17:56,CUST-1185,Member,Female,PRD-31,"Polarized UV400 Sunglasses","Fashion Accessories",46.00,5,11.50,18.40,230.00,223.10,Ewallet,Branch A,Yangon,"Sarah Jenkins",4.1
TRX-80539,INV-2026-10539,2026-05-06,20:17,CUST-1090,Normal,Female,PRD-26,"Ceremonial Grade Matcha Powder","Food and Beverages",27.00,6,8.10,0.00,162.00,170.10,Ewallet,Branch A,Yangon,"Sarah Jenkins",3.6
TRX-80540,INV-2026-10540,2026-07-30,20:28,CUST-1178,Normal,Male,PRD-28,"Raw Organic Wildflower Honey 1kg","Food and Beverages",19.00,7,6.65,0.00,133.00,139.65,Ewallet,Branch C,Naypyitaw,"Marcus Vance",4.6
TRX-80541,INV-2026-10541,2026-05-16,15:06,CUST-1162,Member,Female,PRD-31,"Polarized UV400 Sunglasses","Fashion Accessories",46.00,5,11.50,18.40,230.00,223.10,Credit card,Branch A,Yangon,"Sarah Jenkins",4.4
TRX-80542,INV-2026-10542,2026-08-08,19:22,CUST-1274,Normal,Female,PRD-04,"Bamboo Charcoal Toothpaste Pack","Health and Beauty",12.00,6,3.60,0.00,72.00,75.60,Ewallet,Branch C,Naypyitaw,"Marcus Vance",3.4
TRX-80543,INV-2026-10543,2026-08-07,14:15,CUST-1141,Member,Male,PRD-26,"Ceremonial Grade Matcha Powder","Food and Beverages",27.00,6,8.10,12.96,162.00,157.14,Ewallet,Branch A,Yangon,"Emily Chen",3.6
TRX-80544,INV-2026-10544,2026-05-13,14:20,CUST-1187,Member,Male,PRD-31,"Polarized UV400 Sunglasses","Fashion Accessories",46.00,2,4.60,7.36,92.00,89.24,Cash,Branch A,Yangon,"Sarah Jenkins",4.7
TRX-80545,INV-2026-10545,2026-09-21,10:36,CUST-1269,Member,Female,PRD-33,"Stainless Steel Mesh Watch","Fashion Accessories",89.00,4,17.80,28.48,356.00,345.32,Credit card,Branch A,Yangon,"Emily Chen",4.6
TRX-80546,INV-2026-10546,2026-08-27,16:58,CUST-1379,Member,Female,PRD-20,"High-Density Non-Slip Yoga Mat","Sports and Travel",35.00,2,3.50,5.60,70.00,67.90,Ewallet,Branch C,Naypyitaw,"Marcus Vance",4.4
TRX-80547,INV-2026-10547,2026-08-12,13:06,CUST-1252,Normal,Male,PRD-13,"Aroma Diffuser Ambient LED","Home and Lifestyle",48.00,5,12.00,0.00,240.00,252.00,Ewallet,Branch B,Mandalay,"Aisha Patel",3.7
TRX-80548,INV-2026-10548,2026-07-01,12:17,CUST-1181,Member,Male,PRD-08,"Active Noise Cancelling Earbuds","Electronic Accessories",79.99,4,16.00,25.60,319.96,310.36,Cash,Branch B,Mandalay,"Aisha Patel",3.3
TRX-80549,INV-2026-10549,2026-06-04,15:59,CUST-1349,Member,Male,PRD-28,"Raw Organic Wildflower Honey 1kg","Food and Beverages",19.00,6,5.70,9.12,114.00,110.58,Credit card,Branch A,Yangon,"Sarah Jenkins",4.7
TRX-80550,INV-2026-10550,2026-07-10,18:32,CUST-1375,Member,Male,PRD-32,"Genuine Leather Minimalist Wallet","Fashion Accessories",39.00,8,15.60,0.00,312.00,327.60,Cash,Branch B,Mandalay,"Aisha Patel",4.8
TRX-80551,INV-2026-10551,2026-07-31,16:51,CUST-1388,Member,Male,PRD-33,"Stainless Steel Mesh Watch","Fashion Accessories",89.00,3,13.35,21.36,267.00,258.99,Cash,Branch A,Yangon,"Emily Chen",4.2
TRX-80552,INV-2026-10552,2026-09-22,09:17,CUST-1063,Member,Male,PRD-33,"Stainless Steel Mesh Watch","Fashion Accessories",89.00,7,31.15,0.00,623.00,654.15,Credit card,Branch C,Naypyitaw,"Marcus Vance",3.8
TRX-80553,INV-2026-10553,2026-09-03,16:48,CUST-1405,Normal,Female,PRD-13,"Aroma Diffuser Ambient LED","Home and Lifestyle",48.00,5,12.00,0.00,240.00,252.00,Ewallet,Branch B,Mandalay,"Aisha Patel",4.6
TRX-80554,INV-2026-10554,2026-09-23,15:49,CUST-1303,Member,Female,PRD-13,"Aroma Diffuser Ambient LED","Home and Lifestyle",48.00,4,9.60,0.00,192.00,201.60,Cash,Branch B,Mandalay,"Aisha Patel",4.1
TRX-80555,INV-2026-10555,2026-05-17,14:17,CUST-1374,Normal,Male,PRD-20,"High-Density Non-Slip Yoga Mat","Sports and Travel",35.00,4,7.00,0.00,140.00,147.00,Ewallet,Branch C,Naypyitaw,"Marcus Vance",3.7
TRX-80556,INV-2026-10556,2026-06-03,20:44,CUST-1313,Normal,Male,PRD-19,"Vacuum Insulated Water Bottle 1L","Sports and Travel",29.50,7,10.33,0.00,206.50,216.83,Cash,Branch C,Naypyitaw,"Marcus Vance",4.3
TRX-80557,INV-2026-10557,2026-08-08,14:43,CUST-1010,Normal,Male,PRD-15,"Egyptian Cotton Bath Towel Set","Home and Lifestyle",52.00,6,15.60,0.00,312.00,327.60,Cash,Branch A,Yangon,"Emily Chen",3.4
TRX-80558,INV-2026-10558,2026-05-05,17:13,CUST-1322,Normal,Female,PRD-20,"High-Density Non-Slip Yoga Mat","Sports and Travel",35.00,7,12.25,0.00,245.00,257.25,Ewallet,Branch B,Mandalay,"Aisha Patel",3.5
TRX-80559,INV-2026-10559,2026-09-22,09:05,CUST-1368,Member,Male,PRD-07,"Magnetic Wireless Charging Pad","Electronic Accessories",38.00,4,7.60,12.16,152.00,147.44,Ewallet,Branch A,Yangon,"Emily Chen",4.6
TRX-80560,INV-2026-10560,2026-07-20,11:26,CUST-1199,Normal,Male,PRD-04,"Bamboo Charcoal Toothpaste Pack","Health and Beauty",12.00,6,3.60,0.00,72.00,75.60,Cash,Branch A,Yangon,"Sarah Jenkins",4.5
TRX-80561,INV-2026-10561,2026-05-26,12:01,CUST-1236,Member,Female,PRD-20,"High-Density Non-Slip Yoga Mat","Sports and Travel",35.00,1,1.75,0.00,35.00,36.75,Ewallet,Branch B,Mandalay,"David Kim",3.7
TRX-80562,INV-2026-10562,2026-08-18,12:44,CUST-1411,Normal,Male,PRD-19,"Vacuum Insulated Water Bottle 1L","Sports and Travel",29.50,3,4.42,0.00,88.50,92.92,Ewallet,Branch A,Yangon,"Sarah Jenkins",5.0
TRX-80563,INV-2026-10563,2026-07-18,10:37,CUST-1298,Member,Female,PRD-33,"Stainless Steel Mesh Watch","Fashion Accessories",89.00,5,22.25,0.00,445.00,467.25,Credit card,Branch B,Mandalay,"David Kim",3.9
TRX-80564,INV-2026-10564,2026-05-06,16:50,CUST-1190,Normal,Female,PRD-21,"Lightweight Packable Daypack 25L","Sports and Travel",44.00,2,4.40,0.00,88.00,92.40,Credit card,Branch C,Naypyitaw,"Marcus Vance",3.5
TRX-80565,INV-2026-10565,2026-09-15,15:53,CUST-1067,Normal,Female,PRD-07,"Magnetic Wireless Charging Pad","Electronic Accessories",38.00,1,1.90,0.00,38.00,39.90,Credit card,Branch A,Yangon,"Sarah Jenkins",3.7
TRX-80566,INV-2026-10566,2026-07-30,20:19,CUST-1348,Normal,Male,PRD-13,"Aroma Diffuser Ambient LED","Home and Lifestyle",48.00,5,12.00,0.00,240.00,252.00,Credit card,Branch B,Mandalay,"David Kim",4.2
TRX-80567,INV-2026-10567,2026-06-03,16:10,CUST-1124,Normal,Male,PRD-14,"Stainless Steel Pour-Over Kettle","Home and Lifestyle",36.50,8,14.60,0.00,292.00,306.60,Cash,Branch C,Naypyitaw,"Marcus Vance",5.0
TRX-80568,INV-2026-10568,2026-09-14,11:00,CUST-1336,Member,Female,PRD-20,"High-Density Non-Slip Yoga Mat","Sports and Travel",35.00,2,3.50,5.60,70.00,67.90,Cash,Branch A,Yangon,"Emily Chen",4.6
TRX-80569,INV-2026-10569,2026-04-25,11:19,CUST-1119,Member,Female,PRD-33,"Stainless Steel Mesh Watch","Fashion Accessories",89.00,1,4.45,7.12,89.00,86.33,Credit card,Branch B,Mandalay,"David Kim",4.3
TRX-80570,INV-2026-10570,2026-06-15,18:29,CUST-1056,Member,Female,PRD-03,"Vitamin C Brightening Cleanser","Health and Beauty",19.50,6,5.85,0.00,117.00,122.85,Credit card,Branch B,Mandalay,"David Kim",3.6
TRX-80571,INV-2026-10571,2026-05-05,20:33,CUST-1366,Member,Male,PRD-32,"Genuine Leather Minimalist Wallet","Fashion Accessories",39.00,7,13.65,21.84,273.00,264.81,Ewallet,Branch C,Naypyitaw,"Marcus Vance",4.9
TRX-80572,INV-2026-10572,2026-04-17,13:08,CUST-1025,Normal,Female,PRD-31,"Polarized UV400 Sunglasses","Fashion Accessories",46.00,7,16.10,0.00,322.00,338.10,Cash,Branch C,Naypyitaw,"Marcus Vance",3.3
TRX-80573,INV-2026-10573,2026-09-19,20:22,CUST-1449,Member,Female,PRD-13,"Aroma Diffuser Ambient LED","Home and Lifestyle",48.00,1,2.40,0.00,48.00,50.40,Cash,Branch A,Yangon,"Sarah Jenkins",4.3
TRX-80574,INV-2026-10574,2026-07-09,09:04,CUST-1480,Member,Male,PRD-26,"Ceremonial Grade Matcha Powder","Food and Beverages",27.00,7,9.45,15.12,189.00,183.33,Ewallet,Branch B,Mandalay,"Aisha Patel",3.7
TRX-80575,INV-2026-10575,2026-07-31,11:46,CUST-1112,Member,Male,PRD-26,"Ceremonial Grade Matcha Powder","Food and Beverages",27.00,5,6.75,10.80,135.00,130.95,Ewallet,Branch A,Yangon,"Sarah Jenkins",4.1
TRX-80576,INV-2026-10576,2026-06-19,11:57,CUST-1331,Normal,Male,PRD-26,"Ceremonial Grade Matcha Powder","Food and Beverages",27.00,7,9.45,0.00,189.00,198.45,Ewallet,Branch B,Mandalay,"David Kim",3.3
TRX-80577,INV-2026-10577,2026-05-22,09:53,CUST-1014,Member,Male,PRD-27,"Extra Virgin Cold Pressed Olive Oil","Food and Beverages",22.50,5,5.63,9.00,112.50,109.13,Credit card,Branch A,Yangon,"Emily Chen",3.4
TRX-80578,INV-2026-10578,2026-04-30,10:55,CUST-1343,Member,Male,PRD-13,"Aroma Diffuser Ambient LED","Home and Lifestyle",48.00,4,9.60,0.00,192.00,201.60,Ewallet,Branch B,Mandalay,"Aisha Patel",3.9
TRX-80579,INV-2026-10579,2026-04-09,19:42,CUST-1168,Member,Female,PRD-31,"Polarized UV400 Sunglasses","Fashion Accessories",46.00,4,9.20,14.72,184.00,178.48,Cash,Branch A,Yangon,"Emily Chen",4.4
TRX-80580,INV-2026-10580,2026-07-07,13:59,CUST-1479,Normal,Male,PRD-20,"High-Density Non-Slip Yoga Mat","Sports and Travel",35.00,5,8.75,0.00,175.00,183.75,Credit card,Branch B,Mandalay,"David Kim",4.0
TRX-80581,INV-2026-10581,2026-07-15,20:46,CUST-1165,Member,Female,PRD-08,"Active Noise Cancelling Earbuds","Electronic Accessories",79.99,2,8.00,12.80,159.98,155.18,Credit card,Branch B,Mandalay,"Aisha Patel",4.1
TRX-80582,INV-2026-10582,2026-04-23,09:07,CUST-1052,Member,Male,PRD-26,"Ceremonial Grade Matcha Powder","Food and Beverages",27.00,6,8.10,0.00,162.00,170.10,Credit card,Branch C,Naypyitaw,"Marcus Vance",4.0
TRX-80583,INV-2026-10583,2026-06-03,12:21,CUST-1137,Member,Male,PRD-21,"Lightweight Packable Daypack 25L","Sports and Travel",44.00,8,17.60,0.00,352.00,369.60,Credit card,Branch B,Mandalay,"Aisha Patel",4.5
TRX-80584,INV-2026-10584,2026-07-09,18:35,CUST-1354,Member,Male,PRD-19,"Vacuum Insulated Water Bottle 1L","Sports and Travel",29.50,8,11.80,18.88,236.00,228.92,Cash,Branch A,Yangon,"Emily Chen",3.8
TRX-80585,INV-2026-10585,2026-05-28,19:46,CUST-1480,Member,Male,PRD-33,"Stainless Steel Mesh Watch","Fashion Accessories",89.00,5,22.25,35.60,445.00,431.65,Ewallet,Branch B,Mandalay,"David Kim",3.2
TRX-80586,INV-2026-10586,2026-09-24,20:04,CUST-1184,Normal,Female,PRD-15,"Egyptian Cotton Bath Towel Set","Home and Lifestyle",52.00,6,15.60,0.00,312.00,327.60,Ewallet,Branch A,Yangon,"Emily Chen",4.1
TRX-80587,INV-2026-10587,2026-04-06,15:51,CUST-1020,Member,Male,PRD-15,"Egyptian Cotton Bath Towel Set","Home and Lifestyle",52.00,6,15.60,24.96,312.00,302.64,Credit card,Branch B,Mandalay,"Aisha Patel",4.7
TRX-80588,INV-2026-10588,2026-07-08,19:46,CUST-1027,Member,Male,PRD-27,"Extra Virgin Cold Pressed Olive Oil","Food and Beverages",22.50,6,6.75,0.00,135.00,141.75,Ewallet,Branch A,Yangon,"Emily Chen",4.1
TRX-80589,INV-2026-10589,2026-09-02,12:49,CUST-1073,Member,Female,PRD-19,"Vacuum Insulated Water Bottle 1L","Sports and Travel",29.50,4,5.90,9.44,118.00,114.46,Credit card,Branch C,Naypyitaw,"Marcus Vance",3.5
TRX-80590,INV-2026-10590,2026-09-23,16:56,CUST-1008,Member,Female,PRD-14,"Stainless Steel Pour-Over Kettle","Home and Lifestyle",36.50,5,9.13,0.00,182.50,191.63,Ewallet,Branch A,Yangon,"Sarah Jenkins",4.1
TRX-80591,INV-2026-10591,2026-05-31,18:20,CUST-1434,Normal,Male,PRD-33,"Stainless Steel Mesh Watch","Fashion Accessories",89.00,7,31.15,0.00,623.00,654.15,Credit card,Branch B,Mandalay,"David Kim",4.6
TRX-80592,INV-2026-10592,2026-05-03,18:07,CUST-1256,Normal,Female,PRD-28,"Raw Organic Wildflower Honey 1kg","Food and Beverages",19.00,5,4.75,0.00,95.00,99.75,Cash,Branch C,Naypyitaw,"Marcus Vance",4.4
TRX-80593,INV-2026-10593,2026-08-31,13:30,CUST-1305,Member,Male,PRD-31,"Polarized UV400 Sunglasses","Fashion Accessories",46.00,6,13.80,0.00,276.00,289.80,Ewallet,Branch B,Mandalay,"Aisha Patel",3.7
TRX-80594,INV-2026-10594,2026-04-14,14:04,CUST-1377,Member,Male,PRD-08,"Active Noise Cancelling Earbuds","Electronic Accessories",79.99,6,24.00,0.00,479.94,503.94,Credit card,Branch B,Mandalay,"Aisha Patel",4.9
TRX-80595,INV-2026-10595,2026-05-11,13:46,CUST-1441,Normal,Male,PRD-01,"Organic Argan Hair Serum","Health and Beauty",34.50,8,13.80,0.00,276.00,289.80,Cash,Branch A,Yangon,"Sarah Jenkins",4.5
TRX-80596,INV-2026-10596,2026-09-08,20:02,CUST-1396,Member,Female,PRD-02,"Hydrating Face Cream SPF 30","Health and Beauty",28.00,5,7.00,0.00,140.00,147.00,Ewallet,Branch B,Mandalay,"David Kim",5.0
TRX-80597,INV-2026-10597,2026-04-27,16:14,CUST-1164,Member,Male,PRD-31,"Polarized UV400 Sunglasses","Fashion Accessories",46.00,7,16.10,25.76,322.00,312.34,Credit card,Branch C,Naypyitaw,"Marcus Vance",3.3
TRX-80598,INV-2026-10598,2026-05-09,19:28,CUST-1350,Member,Female,PRD-27,"Extra Virgin Cold Pressed Olive Oil","Food and Beverages",22.50,2,2.25,0.00,45.00,47.25,Ewallet,Branch C,Naypyitaw,"Marcus Vance",4.5
TRX-80599,INV-2026-10599,2026-08-07,13:09,CUST-1416,Member,Male,PRD-33,"Stainless Steel Mesh Watch","Fashion Accessories",89.00,5,22.25,35.60,445.00,431.65,Cash,Branch B,Mandalay,"David Kim",4.1
TRX-80600,INV-2026-10600,2026-04-12,09:24,CUST-1211,Member,Female,PRD-27,"Extra Virgin Cold Pressed Olive Oil","Food and Beverages",22.50,4,4.50,7.20,90.00,87.30,Ewallet,Branch B,Mandalay,"Aisha Patel",4.9
TRX-80601,INV-2026-10601,2026-04-12,13:01,CUST-1485,Normal,Male,PRD-03,"Vitamin C Brightening Cleanser","Health and Beauty",19.50,3,2.93,0.00,58.50,61.43,Ewallet,Branch A,Yangon,"Sarah Jenkins",5.0
TRX-80602,INV-2026-10602,2026-08-06,12:32,CUST-1004,Member,Male,PRD-13,"Aroma Diffuser Ambient LED","Home and Lifestyle",48.00,3,7.20,0.00,144.00,151.20,Ewallet,Branch B,Mandalay,"Aisha Patel",4.2
TRX-80603,INV-2026-10603,2026-05-04,10:15,CUST-1488,Member,Female,PRD-28,"Raw Organic Wildflower Honey 1kg","Food and Beverages",19.00,7,6.65,10.64,133.00,129.01,Ewallet,Branch A,Yangon,"Sarah Jenkins",3.3
TRX-80604,INV-2026-10604,2026-09-03,11:03,CUST-1096,Member,Female,PRD-28,"Raw Organic Wildflower Honey 1kg","Food and Beverages",19.00,4,3.80,6.08,76.00,73.72,Credit card,Branch A,Yangon,"Sarah Jenkins",4.1
TRX-80605,INV-2026-10605,2026-04-13,12:31,CUST-1435,Normal,Male,PRD-25,"Artisan Dark Roast Coffee Beans 500g","Food and Beverages",18.50,6,5.55,0.00,111.00,116.55,Cash,Branch A,Yangon,"Sarah Jenkins",4.9
TRX-80606,INV-2026-10606,2026-09-11,10:32,CUST-1005,Normal,Female,PRD-07,"Magnetic Wireless Charging Pad","Electronic Accessories",38.00,1,1.90,0.00,38.00,39.90,Ewallet,Branch B,Mandalay,"Aisha Patel",4.2
TRX-80607,INV-2026-10607,2026-06-06,20:40,CUST-1068,Normal,Female,PRD-09,"Braided 65W Fast USB-C Cable","Electronic Accessories",14.50,6,4.35,0.00,87.00,91.35,Ewallet,Branch A,Yangon,"Emily Chen",3.8
TRX-80608,INV-2026-10608,2026-07-27,19:26,CUST-1058,Normal,Male,PRD-21,"Lightweight Packable Daypack 25L","Sports and Travel",44.00,4,8.80,0.00,176.00,184.80,Credit card,Branch A,Yangon,"Emily Chen",4.9
TRX-80609,INV-2026-10609,2026-05-24,09:58,CUST-1238,Normal,Male,PRD-03,"Vitamin C Brightening Cleanser","Health and Beauty",19.50,7,6.83,0.00,136.50,143.33,Ewallet,Branch A,Yangon,"Sarah Jenkins",4.2
TRX-80610,INV-2026-10610,2026-07-11,17:37,CUST-1352,Normal,Male,PRD-14,"Stainless Steel Pour-Over Kettle","Home and Lifestyle",36.50,3,5.48,0.00,109.50,114.98,Cash,Branch B,Mandalay,"David Kim",5.0
TRX-80611,INV-2026-10611,2026-05-11,14:43,CUST-1172,Normal,Male,PRD-27,"Extra Virgin Cold Pressed Olive Oil","Food and Beverages",22.50,5,5.63,0.00,112.50,118.13,Ewallet,Branch B,Mandalay,"David Kim",4.3
TRX-80612,INV-2026-10612,2026-05-23,20:57,CUST-1200,Normal,Male,PRD-13,"Aroma Diffuser Ambient LED","Home and Lifestyle",48.00,8,19.20,0.00,384.00,403.20,Ewallet,Branch B,Mandalay,"David Kim",3.3
TRX-80613,INV-2026-10613,2026-05-14,12:01,CUST-1153,Member,Male,PRD-25,"Artisan Dark Roast Coffee Beans 500g","Food and Beverages",18.50,2,1.85,2.96,37.00,35.89,Ewallet,Branch A,Yangon,"Emily Chen",4.3
TRX-80614,INV-2026-10614,2026-09-20,13:16,CUST-1126,Member,Male,PRD-32,"Genuine Leather Minimalist Wallet","Fashion Accessories",39.00,3,5.85,9.36,117.00,113.49,Ewallet,Branch C,Naypyitaw,"Marcus Vance",4.8
TRX-80615,INV-2026-10615,2026-06-19,10:11,CUST-1024,Member,Female,PRD-01,"Organic Argan Hair Serum","Health and Beauty",34.50,7,12.08,19.32,241.50,234.26,Ewallet,Branch C,Naypyitaw,"Marcus Vance",4.2
TRX-80616,INV-2026-10616,2026-07-29,12:14,CUST-1427,Normal,Female,PRD-14,"Stainless Steel Pour-Over Kettle","Home and Lifestyle",36.50,8,14.60,0.00,292.00,306.60,Credit card,Branch C,Naypyitaw,"Marcus Vance",3.5
TRX-80617,INV-2026-10617,2026-06-15,09:50,CUST-1319,Normal,Female,PRD-21,"Lightweight Packable Daypack 25L","Sports and Travel",44.00,3,6.60,0.00,132.00,138.60,Cash,Branch B,Mandalay,"David Kim",4.4
TRX-80618,INV-2026-10618,2026-07-06,18:56,CUST-1246,Member,Female,PRD-27,"Extra Virgin Cold Pressed Olive Oil","Food and Beverages",22.50,3,3.38,0.00,67.50,70.88,Credit card,Branch C,Naypyitaw,"Marcus Vance",4.6
TRX-80619,INV-2026-10619,2026-07-05,18:59,CUST-1402,Member,Male,PRD-15,"Egyptian Cotton Bath Towel Set","Home and Lifestyle",52.00,1,2.60,4.16,52.00,50.44,Ewallet,Branch A,Yangon,"Emily Chen",4.9
TRX-80620,INV-2026-10620,2026-05-01,15:44,CUST-1383,Member,Male,PRD-04,"Bamboo Charcoal Toothpaste Pack","Health and Beauty",12.00,6,3.60,5.76,72.00,69.84,Ewallet,Branch A,Yangon,"Emily Chen",5.0
TRX-80621,INV-2026-10621,2026-06-01,16:05,CUST-1221,Member,Female,PRD-21,"Lightweight Packable Daypack 25L","Sports and Travel",44.00,3,6.60,10.56,132.00,128.04,Credit card,Branch B,Mandalay,"David Kim",4.6
TRX-80622,INV-2026-10622,2026-04-18,17:49,CUST-1127,Normal,Male,PRD-21,"Lightweight Packable Daypack 25L","Sports and Travel",44.00,8,17.60,0.00,352.00,369.60,Credit card,Branch C,Naypyitaw,"Marcus Vance",3.5
TRX-80623,INV-2026-10623,2026-07-28,10:10,CUST-1083,Member,Male,PRD-08,"Active Noise Cancelling Earbuds","Electronic Accessories",79.99,3,12.00,19.20,239.97,232.77,Ewallet,Branch C,Naypyitaw,"Marcus Vance",4.5
TRX-80624,INV-2026-10624,2026-04-25,17:02,CUST-1393,Member,Female,PRD-04,"Bamboo Charcoal Toothpaste Pack","Health and Beauty",12.00,7,4.20,6.72,84.00,81.48,Credit card,Branch B,Mandalay,"David Kim",3.4
TRX-80625,INV-2026-10625,2026-09-11,17:08,CUST-1375,Member,Male,PRD-04,"Bamboo Charcoal Toothpaste Pack","Health and Beauty",12.00,6,3.60,0.00,72.00,75.60,Credit card,Branch B,Mandalay,"David Kim",4.1
TRX-80626,INV-2026-10626,2026-09-19,12:25,CUST-1214,Normal,Female,PRD-26,"Ceremonial Grade Matcha Powder","Food and Beverages",27.00,2,2.70,0.00,54.00,56.70,Credit card,Branch B,Mandalay,"David Kim",3.3
TRX-80627,INV-2026-10627,2026-04-12,12:26,CUST-1170,Member,Male,PRD-10,"Multi-Port USB 3.0 Hub","Electronic Accessories",45.00,3,6.75,10.80,135.00,130.95,Credit card,Branch C,Naypyitaw,"Marcus Vance",4.3
TRX-80628,INV-2026-10628,2026-04-30,20:12,CUST-1121,Normal,Male,PRD-28,"Raw Organic Wildflower Honey 1kg","Food and Beverages",19.00,3,2.85,0.00,57.00,59.85,Cash,Branch C,Naypyitaw,"Marcus Vance",4.6
TRX-80629,INV-2026-10629,2026-09-05,18:32,CUST-1037,Member,Female,PRD-27,"Extra Virgin Cold Pressed Olive Oil","Food and Beverages",22.50,3,3.38,5.40,67.50,65.48,Cash,Branch B,Mandalay,"Aisha Patel",4.8
TRX-80630,INV-2026-10630,2026-04-15,11:57,CUST-1190,Member,Male,PRD-33,"Stainless Steel Mesh Watch","Fashion Accessories",89.00,2,8.90,0.00,178.00,186.90,Credit card,Branch A,Yangon,"Sarah Jenkins",4.4
TRX-80631,INV-2026-10631,2026-08-17,14:39,CUST-1222,Normal,Male,PRD-25,"Artisan Dark Roast Coffee Beans 500g","Food and Beverages",18.50,1,0.93,0.00,18.50,19.43,Cash,Branch B,Mandalay,"Aisha Patel",4.9
TRX-80632,INV-2026-10632,2026-04-19,12:45,CUST-1326,Normal,Male,PRD-04,"Bamboo Charcoal Toothpaste Pack","Health and Beauty",12.00,8,4.80,0.00,96.00,100.80,Cash,Branch A,Yangon,"Emily Chen",4.8
TRX-80633,INV-2026-10633,2026-04-10,15:40,CUST-1452,Member,Male,PRD-21,"Lightweight Packable Daypack 25L","Sports and Travel",44.00,8,17.60,28.16,352.00,341.44,Cash,Branch B,Mandalay,"David Kim",3.6
TRX-80634,INV-2026-10634,2026-04-17,19:18,CUST-1290,Member,Female,PRD-10,"Multi-Port USB 3.0 Hub","Electronic Accessories",45.00,3,6.75,0.00,135.00,141.75,Credit card,Branch B,Mandalay,"Aisha Patel",3.4
TRX-80635,INV-2026-10635,2026-08-26,11:22,CUST-1321,Member,Male,PRD-27,"Extra Virgin Cold Pressed Olive Oil","Food and Beverages",22.50,8,9.00,14.40,180.00,174.60,Credit card,Branch A,Yangon,"Sarah Jenkins",4.7
TRX-80636,INV-2026-10636,2026-07-17,15:19,CUST-1107,Member,Male,PRD-19,"Vacuum Insulated Water Bottle 1L","Sports and Travel",29.50,3,4.42,7.08,88.50,85.84,Ewallet,Branch B,Mandalay,"Aisha Patel",4.2
TRX-80637,INV-2026-10637,2026-05-20,20:00,CUST-1330,Normal,Male,PRD-04,"Bamboo Charcoal Toothpaste Pack","Health and Beauty",12.00,6,3.60,0.00,72.00,75.60,Cash,Branch A,Yangon,"Emily Chen",3.9
TRX-80638,INV-2026-10638,2026-04-19,11:13,CUST-1000,Member,Male,PRD-25,"Artisan Dark Roast Coffee Beans 500g","Food and Beverages",18.50,5,4.63,7.40,92.50,89.73,Credit card,Branch A,Yangon,"Sarah Jenkins",3.4
TRX-80639,INV-2026-10639,2026-08-12,12:12,CUST-1151,Normal,Female,PRD-03,"Vitamin C Brightening Cleanser","Health and Beauty",19.50,4,3.90,0.00,78.00,81.90,Ewallet,Branch B,Mandalay,"David Kim",3.8
TRX-80640,INV-2026-10640,2026-04-15,15:28,CUST-1305,Normal,Female,PRD-02,"Hydrating Face Cream SPF 30","Health and Beauty",28.00,1,1.40,0.00,28.00,29.40,Cash,Branch C,Naypyitaw,"Marcus Vance",3.2
TRX-80641,INV-2026-10641,2026-09-06,19:52,CUST-1296,Normal,Female,PRD-03,"Vitamin C Brightening Cleanser","Health and Beauty",19.50,3,2.93,0.00,58.50,61.43,Cash,Branch B,Mandalay,"Aisha Patel",3.8
TRX-80642,INV-2026-10642,2026-07-23,11:01,CUST-1263,Normal,Female,PRD-33,"Stainless Steel Mesh Watch","Fashion Accessories",89.00,6,26.70,0.00,534.00,560.70,Credit card,Branch A,Yangon,"Emily Chen",4.2
TRX-80643,INV-2026-10643,2026-05-31,15:50,CUST-1443,Normal,Female,PRD-15,"Egyptian Cotton Bath Towel Set","Home and Lifestyle",52.00,5,13.00,0.00,260.00,273.00,Ewallet,Branch A,Yangon,"Emily Chen",4.1
TRX-80644,INV-2026-10644,2026-07-16,16:44,CUST-1055,Member,Female,PRD-25,"Artisan Dark Roast Coffee Beans 500g","Food and Beverages",18.50,4,3.70,0.00,74.00,77.70,Ewallet,Branch B,Mandalay,"Aisha Patel",3.6
TRX-80645,INV-2026-10645,2026-06-28,17:16,CUST-1037,Member,Female,PRD-09,"Braided 65W Fast USB-C Cable","Electronic Accessories",14.50,7,5.08,0.00,101.50,106.58,Ewallet,Branch B,Mandalay,"Aisha Patel",4.2
TRX-80646,INV-2026-10646,2026-04-24,09:23,CUST-1231,Normal,Male,PRD-28,"Raw Organic Wildflower Honey 1kg","Food and Beverages",19.00,3,2.85,0.00,57.00,59.85,Ewallet,Branch A,Yangon,"Sarah Jenkins",5.0
TRX-80647,INV-2026-10647,2026-04-18,15:57,CUST-1194,Normal,Male,PRD-21,"Lightweight Packable Daypack 25L","Sports and Travel",44.00,2,4.40,0.00,88.00,92.40,Credit card,Branch B,Mandalay,"Aisha Patel",4.4
TRX-80648,INV-2026-10648,2026-08-28,19:57,CUST-1161,Member,Female,PRD-26,"Ceremonial Grade Matcha Powder","Food and Beverages",27.00,2,2.70,4.32,54.00,52.38,Cash,Branch A,Yangon,"Emily Chen",4.7
TRX-80649,INV-2026-10649,2026-06-26,13:29,CUST-1496,Member,Male,PRD-27,"Extra Virgin Cold Pressed Olive Oil","Food and Beverages",22.50,3,3.38,5.40,67.50,65.48,Credit card,Branch C,Naypyitaw,"Marcus Vance",4.6
TRX-80650,INV-2026-10650,2026-08-30,15:57,CUST-1278,Normal,Female,PRD-13,"Aroma Diffuser Ambient LED","Home and Lifestyle",48.00,4,9.60,0.00,192.00,201.60,Ewallet,Branch B,Mandalay,"David Kim",3.7
TRX-80651,INV-2026-10651,2026-08-16,13:41,CUST-1499,Normal,Female,PRD-01,"Organic Argan Hair Serum","Health and Beauty",34.50,1,1.73,0.00,34.50,36.23,Cash,Branch B,Mandalay,"Aisha Patel",3.6
TRX-80652,INV-2026-10652,2026-05-19,13:31,CUST-1055,Member,Male,PRD-32,"Genuine Leather Minimalist Wallet","Fashion Accessories",39.00,7,13.65,21.84,273.00,264.81,Cash,Branch B,Mandalay,"Aisha Patel",4.1
TRX-80653,INV-2026-10653,2026-07-30,16:40,CUST-1322,Member,Male,PRD-07,"Magnetic Wireless Charging Pad","Electronic Accessories",38.00,6,11.40,18.24,228.00,221.16,Credit card,Branch A,Yangon,"Sarah Jenkins",3.7
TRX-80654,INV-2026-10654,2026-04-29,14:55,CUST-1251,Normal,Male,PRD-26,"Ceremonial Grade Matcha Powder","Food and Beverages",27.00,3,4.05,0.00,81.00,85.05,Credit card,Branch A,Yangon,"Emily Chen",3.4
TRX-80655,INV-2026-10655,2026-05-10,18:38,CUST-1400,Member,Male,PRD-19,"Vacuum Insulated Water Bottle 1L","Sports and Travel",29.50,8,11.80,18.88,236.00,228.92,Cash,Branch B,Mandalay,"Aisha Patel",3.6
TRX-80656,INV-2026-10656,2026-04-12,18:49,CUST-1012,Member,Male,PRD-08,"Active Noise Cancelling Earbuds","Electronic Accessories",79.99,3,12.00,19.20,239.97,232.77,Credit card,Branch B,Mandalay,"David Kim",3.7
TRX-80657,INV-2026-10657,2026-07-26,12:09,CUST-1206,Member,Female,PRD-07,"Magnetic Wireless Charging Pad","Electronic Accessories",38.00,1,1.90,3.04,38.00,36.86,Cash,Branch B,Mandalay,"Aisha Patel",5.0
TRX-80658,INV-2026-10658,2026-05-12,19:51,CUST-1083,Normal,Male,PRD-25,"Artisan Dark Roast Coffee Beans 500g","Food and Beverages",18.50,1,0.93,0.00,18.50,19.43,Cash,Branch A,Yangon,"Emily Chen",5.0
TRX-80659,INV-2026-10659,2026-08-25,18:03,CUST-1342,Member,Female,PRD-31,"Polarized UV400 Sunglasses","Fashion Accessories",46.00,7,16.10,25.76,322.00,312.34,Cash,Branch C,Naypyitaw,"Marcus Vance",4.7
TRX-80660,INV-2026-10660,2026-09-07,18:42,CUST-1316,Normal,Female,PRD-10,"Multi-Port USB 3.0 Hub","Electronic Accessories",45.00,3,6.75,0.00,135.00,141.75,Ewallet,Branch C,Naypyitaw,"Marcus Vance",3.4
TRX-80661,INV-2026-10661,2026-05-07,14:10,CUST-1218,Member,Female,PRD-33,"Stainless Steel Mesh Watch","Fashion Accessories",89.00,3,13.35,0.00,267.00,280.35,Ewallet,Branch A,Yangon,"Sarah Jenkins",4.1
TRX-80662,INV-2026-10662,2026-06-25,20:44,CUST-1451,Normal,Male,PRD-25,"Artisan Dark Roast Coffee Beans 500g","Food and Beverages",18.50,3,2.78,0.00,55.50,58.28,Credit card,Branch C,Naypyitaw,"Marcus Vance",3.7
TRX-80663,INV-2026-10663,2026-07-16,18:11,CUST-1457,Normal,Male,PRD-31,"Polarized UV400 Sunglasses","Fashion Accessories",46.00,8,18.40,0.00,368.00,386.40,Cash,Branch A,Yangon,"Emily Chen",4.1
TRX-80664,INV-2026-10664,2026-09-20,09:29,CUST-1096,Member,Female,PRD-21,"Lightweight Packable Daypack 25L","Sports and Travel",44.00,7,15.40,24.64,308.00,298.76,Cash,Branch C,Naypyitaw,"Marcus Vance",3.4
TRX-80665,INV-2026-10665,2026-05-21,19:18,CUST-1284,Member,Female,PRD-03,"Vitamin C Brightening Cleanser","Health and Beauty",19.50,1,0.98,1.56,19.50,18.92,Ewallet,Branch B,Mandalay,"Aisha Patel",4.9
TRX-80666,INV-2026-10666,2026-04-09,10:33,CUST-1396,Normal,Male,PRD-32,"Genuine Leather Minimalist Wallet","Fashion Accessories",39.00,6,11.70,0.00,234.00,245.70,Cash,Branch B,Mandalay,"Aisha Patel",5.0
TRX-80667,INV-2026-10667,2026-04-19,10:25,CUST-1469,Member,Female,PRD-01,"Organic Argan Hair Serum","Health and Beauty",34.50,5,8.63,13.80,172.50,167.33,Cash,Branch B,Mandalay,"Aisha Patel",4.3
TRX-80668,INV-2026-10668,2026-08-31,14:09,CUST-1230,Normal,Female,PRD-02,"Hydrating Face Cream SPF 30","Health and Beauty",28.00,7,9.80,0.00,196.00,205.80,Credit card,Branch B,Mandalay,"David Kim",3.3
TRX-80669,INV-2026-10669,2026-08-13,11:20,CUST-1469,Normal,Female,PRD-20,"High-Density Non-Slip Yoga Mat","Sports and Travel",35.00,4,7.00,0.00,140.00,147.00,Cash,Branch B,Mandalay,"David Kim",4.6
TRX-80670,INV-2026-10670,2026-08-14,20:47,CUST-1039,Member,Female,PRD-08,"Active Noise Cancelling Earbuds","Electronic Accessories",79.99,8,32.00,51.19,639.92,620.73,Cash,Branch A,Yangon,"Emily Chen",4.2
TRX-80671,INV-2026-10671,2026-07-09,10:26,CUST-1237,Normal,Female,PRD-09,"Braided 65W Fast USB-C Cable","Electronic Accessories",14.50,6,4.35,0.00,87.00,91.35,Ewallet,Branch A,Yangon,"Emily Chen",4.8
TRX-80672,INV-2026-10672,2026-07-04,10:08,CUST-1448,Member,Male,PRD-15,"Egyptian Cotton Bath Towel Set","Home and Lifestyle",52.00,8,20.80,33.28,416.00,403.52,Credit card,Branch B,Mandalay,"David Kim",4.1
TRX-80673,INV-2026-10673,2026-08-15,13:49,CUST-1200,Normal,Male,PRD-32,"Genuine Leather Minimalist Wallet","Fashion Accessories",39.00,3,5.85,0.00,117.00,122.85,Cash,Branch B,Mandalay,"David Kim",4.1
TRX-80674,INV-2026-10674,2026-08-12,10:32,CUST-1437,Member,Female,PRD-10,"Multi-Port USB 3.0 Hub","Electronic Accessories",45.00,6,13.50,21.60,270.00,261.90,Cash,Branch A,Yangon,"Emily Chen",3.2
TRX-80675,INV-2026-10675,2026-07-15,12:31,CUST-1024,Member,Female,PRD-08,"Active Noise Cancelling Earbuds","Electronic Accessories",79.99,5,20.00,0.00,399.95,419.95,Ewallet,Branch B,Mandalay,"Aisha Patel",4.3
TRX-80676,INV-2026-10676,2026-08-05,19:30,CUST-1201,Normal,Female,PRD-20,"High-Density Non-Slip Yoga Mat","Sports and Travel",35.00,5,8.75,0.00,175.00,183.75,Credit card,Branch B,Mandalay,"David Kim",4.3
TRX-80677,INV-2026-10677,2026-09-26,09:15,CUST-1006,Normal,Male,PRD-21,"Lightweight Packable Daypack 25L","Sports and Travel",44.00,8,17.60,0.00,352.00,369.60,Cash,Branch A,Yangon,"Emily Chen",3.9
TRX-80678,INV-2026-10678,2026-07-01,20:54,CUST-1320,Member,Male,PRD-15,"Egyptian Cotton Bath Towel Set","Home and Lifestyle",52.00,1,2.60,4.16,52.00,50.44,Credit card,Branch C,Naypyitaw,"Marcus Vance",3.5
TRX-80679,INV-2026-10679,2026-05-16,18:11,CUST-1373,Member,Female,PRD-21,"Lightweight Packable Daypack 25L","Sports and Travel",44.00,3,6.60,10.56,132.00,128.04,Credit card,Branch B,Mandalay,"David Kim",4.5
TRX-80680,INV-2026-10680,2026-04-07,15:22,CUST-1142,Member,Male,PRD-27,"Extra Virgin Cold Pressed Olive Oil","Food and Beverages",22.50,3,3.38,0.00,67.50,70.88,Ewallet,Branch A,Yangon,"Emily Chen",3.7
TRX-80681,INV-2026-10681,2026-09-02,14:26,CUST-1103,Member,Male,PRD-27,"Extra Virgin Cold Pressed Olive Oil","Food and Beverages",22.50,4,4.50,0.00,90.00,94.50,Ewallet,Branch A,Yangon,"Sarah Jenkins",3.4
TRX-80682,INV-2026-10682,2026-09-09,13:12,CUST-1329,Member,Male,PRD-33,"Stainless Steel Mesh Watch","Fashion Accessories",89.00,5,22.25,35.60,445.00,431.65,Credit card,Branch C,Naypyitaw,"Marcus Vance",4.0
TRX-80683,INV-2026-10683,2026-09-03,19:05,CUST-1037,Normal,Female,PRD-20,"High-Density Non-Slip Yoga Mat","Sports and Travel",35.00,6,10.50,0.00,210.00,220.50,Credit card,Branch B,Mandalay,"Aisha Patel",4.9
TRX-80684,INV-2026-10684,2026-05-15,09:30,CUST-1407,Member,Female,PRD-03,"Vitamin C Brightening Cleanser","Health and Beauty",19.50,8,7.80,12.48,156.00,151.32,Cash,Branch A,Yangon,"Sarah Jenkins",3.9
TRX-80685,INV-2026-10685,2026-08-09,09:59,CUST-1001,Member,Male,PRD-20,"High-Density Non-Slip Yoga Mat","Sports and Travel",35.00,7,12.25,0.00,245.00,257.25,Cash,Branch B,Mandalay,"Aisha Patel",4.7
TRX-80686,INV-2026-10686,2026-09-06,12:30,CUST-1475,Member,Male,PRD-20,"High-Density Non-Slip Yoga Mat","Sports and Travel",35.00,2,3.50,5.60,70.00,67.90,Cash,Branch A,Yangon,"Sarah Jenkins",4.0
TRX-80687,INV-2026-10687,2026-05-27,16:42,CUST-1491,Member,Female,PRD-20,"High-Density Non-Slip Yoga Mat","Sports and Travel",35.00,2,3.50,5.60,70.00,67.90,Ewallet,Branch A,Yangon,"Sarah Jenkins",4.0
TRX-80688,INV-2026-10688,2026-05-31,11:08,CUST-1437,Member,Male,PRD-31,"Polarized UV400 Sunglasses","Fashion Accessories",46.00,5,11.50,0.00,230.00,241.50,Ewallet,Branch B,Mandalay,"David Kim",3.7
TRX-80689,INV-2026-10689,2026-05-19,11:55,CUST-1203,Member,Female,PRD-33,"Stainless Steel Mesh Watch","Fashion Accessories",89.00,3,13.35,21.36,267.00,258.99,Credit card,Branch C,Naypyitaw,"Marcus Vance",3.8
TRX-80690,INV-2026-10690,2026-08-19,19:29,CUST-1211,Member,Male,PRD-19,"Vacuum Insulated Water Bottle 1L","Sports and Travel",29.50,2,2.95,0.00,59.00,61.95,Credit card,Branch A,Yangon,"Sarah Jenkins",4.2
TRX-80691,INV-2026-10691,2026-07-27,15:32,CUST-1096,Normal,Male,PRD-09,"Braided 65W Fast USB-C Cable","Electronic Accessories",14.50,6,4.35,0.00,87.00,91.35,Credit card,Branch C,Naypyitaw,"Marcus Vance",4.7
TRX-80692,INV-2026-10692,2026-09-03,11:59,CUST-1315,Member,Male,PRD-20,"High-Density Non-Slip Yoga Mat","Sports and Travel",35.00,1,1.75,0.00,35.00,36.75,Ewallet,Branch A,Yangon,"Emily Chen",3.9
TRX-80693,INV-2026-10693,2026-06-22,17:37,CUST-1154,Member,Female,PRD-04,"Bamboo Charcoal Toothpaste Pack","Health and Beauty",12.00,2,1.20,1.92,24.00,23.28,Credit card,Branch C,Naypyitaw,"Marcus Vance",4.3
TRX-80694,INV-2026-10694,2026-06-18,16:49,CUST-1068,Member,Male,PRD-08,"Active Noise Cancelling Earbuds","Electronic Accessories",79.99,7,28.00,44.79,559.93,543.14,Credit card,Branch C,Naypyitaw,"Marcus Vance",4.5
TRX-80695,INV-2026-10695,2026-08-07,11:47,CUST-1049,Normal,Male,PRD-09,"Braided 65W Fast USB-C Cable","Electronic Accessories",14.50,4,2.90,0.00,58.00,60.90,Credit card,Branch A,Yangon,"Emily Chen",3.6
TRX-80696,INV-2026-10696,2026-09-14,09:06,CUST-1080,Normal,Female,PRD-31,"Polarized UV400 Sunglasses","Fashion Accessories",46.00,7,16.10,0.00,322.00,338.10,Cash,Branch B,Mandalay,"Aisha Patel",3.8
TRX-80697,INV-2026-10697,2026-05-09,11:29,CUST-1321,Member,Male,PRD-27,"Extra Virgin Cold Pressed Olive Oil","Food and Beverages",22.50,6,6.75,10.80,135.00,130.95,Ewallet,Branch B,Mandalay,"David Kim",4.7
TRX-80698,INV-2026-10698,2026-06-01,20:35,CUST-1063,Normal,Female,PRD-02,"Hydrating Face Cream SPF 30","Health and Beauty",28.00,3,4.20,0.00,84.00,88.20,Credit card,Branch C,Naypyitaw,"Marcus Vance",4.0
TRX-80699,INV-2026-10699,2026-08-28,15:43,CUST-1126,Member,Female,PRD-26,"Ceremonial Grade Matcha Powder","Food and Beverages",27.00,4,5.40,8.64,108.00,104.76,Ewallet,Branch C,Naypyitaw,"Marcus Vance",4.5
TRX-80700,INV-2026-10700,2026-04-13,13:09,CUST-1063,Normal,Female,PRD-21,"Lightweight Packable Daypack 25L","Sports and Travel",44.00,5,11.00,0.00,220.00,231.00,Ewallet,Branch C,Naypyitaw,"Marcus Vance",4.0
TRX-80701,INV-2026-10701,2026-04-13,20:33,CUST-1004,Normal,Male,PRD-07,"Magnetic Wireless Charging Pad","Electronic Accessories",38.00,7,13.30,0.00,266.00,279.30,Cash,Branch A,Yangon,"Emily Chen",4.0
TRX-80702,INV-2026-10702,2026-06-03,16:29,CUST-1386,Member,Female,PRD-09,"Braided 65W Fast USB-C Cable","Electronic Accessories",14.50,6,4.35,0.00,87.00,91.35,Credit card,Branch A,Yangon,"Emily Chen",4.1
TRX-80703,INV-2026-10703,2026-06-18,09:46,CUST-1231,Member,Female,PRD-09,"Braided 65W Fast USB-C Cable","Electronic Accessories",14.50,5,3.63,0.00,72.50,76.13,Credit card,Branch B,Mandalay,"Aisha Patel",3.3
TRX-80704,INV-2026-10704,2026-04-11,20:22,CUST-1399,Normal,Male,PRD-04,"Bamboo Charcoal Toothpaste Pack","Health and Beauty",12.00,8,4.80,0.00,96.00,100.80,Credit card,Branch A,Yangon,"Emily Chen",4.8
TRX-80705,INV-2026-10705,2026-09-25,16:21,CUST-1160,Member,Female,PRD-21,"Lightweight Packable Daypack 25L","Sports and Travel",44.00,5,11.00,17.60,220.00,213.40,Ewallet,Branch B,Mandalay,"Aisha Patel",4.7
TRX-80706,INV-2026-10706,2026-05-05,13:20,CUST-1052,Normal,Female,PRD-09,"Braided 65W Fast USB-C Cable","Electronic Accessories",14.50,1,0.73,0.00,14.50,15.23,Cash,Branch C,Naypyitaw,"Marcus Vance",5.0
TRX-80707,INV-2026-10707,2026-07-02,09:19,CUST-1320,Normal,Female,PRD-21,"Lightweight Packable Daypack 25L","Sports and Travel",44.00,1,2.20,0.00,44.00,46.20,Cash,Branch A,Yangon,"Sarah Jenkins",4.0
TRX-80708,INV-2026-10708,2026-08-28,20:04,CUST-1128,Normal,Male,PRD-10,"Multi-Port USB 3.0 Hub","Electronic Accessories",45.00,5,11.25,0.00,225.00,236.25,Cash,Branch B,Mandalay,"David Kim",3.9
TRX-80709,INV-2026-10709,2026-09-18,20:37,CUST-1410,Member,Female,PRD-08,"Active Noise Cancelling Earbuds","Electronic Accessories",79.99,6,24.00,38.40,479.94,465.54,Ewallet,Branch B,Mandalay,"David Kim",3.9
TRX-80710,INV-2026-10710,2026-04-22,19:42,CUST-1079,Normal,Female,PRD-04,"Bamboo Charcoal Toothpaste Pack","Health and Beauty",12.00,8,4.80,0.00,96.00,100.80,Cash,Branch B,Mandalay,"David Kim",4.0
TRX-80711,INV-2026-10711,2026-08-12,14:31,CUST-1449,Member,Female,PRD-32,"Genuine Leather Minimalist Wallet","Fashion Accessories",39.00,2,3.90,6.24,78.00,75.66,Credit card,Branch B,Mandalay,"David Kim",3.8
TRX-80712,INV-2026-10712,2026-05-22,10:31,CUST-1468,Member,Male,PRD-13,"Aroma Diffuser Ambient LED","Home and Lifestyle",48.00,2,4.80,0.00,96.00,100.80,Ewallet,Branch C,Naypyitaw,"Marcus Vance",3.8
TRX-80713,INV-2026-10713,2026-05-30,17:33,CUST-1436,Member,Male,PRD-27,"Extra Virgin Cold Pressed Olive Oil","Food and Beverages",22.50,1,1.13,0.00,22.50,23.63,Cash,Branch A,Yangon,"Emily Chen",4.0
TRX-80714,INV-2026-10714,2026-06-05,20:58,CUST-1037,Normal,Female,PRD-25,"Artisan Dark Roast Coffee Beans 500g","Food and Beverages",18.50,7,6.48,0.00,129.50,135.98,Ewallet,Branch B,Mandalay,"David Kim",3.7
TRX-80715,INV-2026-10715,2026-04-13,11:36,CUST-1032,Member,Male,PRD-26,"Ceremonial Grade Matcha Powder","Food and Beverages",27.00,3,4.05,6.48,81.00,78.57,Credit card,Branch B,Mandalay,"Aisha Patel",5.0
TRX-80716,INV-2026-10716,2026-04-07,16:31,CUST-1193,Member,Female,PRD-14,"Stainless Steel Pour-Over Kettle","Home and Lifestyle",36.50,5,9.13,14.60,182.50,177.03,Credit card,Branch B,Mandalay,"David Kim",4.2
TRX-80717,INV-2026-10717,2026-08-15,09:30,CUST-1439,Normal,Female,PRD-07,"Magnetic Wireless Charging Pad","Electronic Accessories",38.00,7,13.30,0.00,266.00,279.30,Credit card,Branch A,Yangon,"Sarah Jenkins",4.3
TRX-80718,INV-2026-10718,2026-07-15,20:48,CUST-1439,Normal,Male,PRD-31,"Polarized UV400 Sunglasses","Fashion Accessories",46.00,2,4.60,0.00,92.00,96.60,Cash,Branch B,Mandalay,"Aisha Patel",4.5
TRX-80719,INV-2026-10719,2026-07-24,11:44,CUST-1308,Member,Female,PRD-21,"Lightweight Packable Daypack 25L","Sports and Travel",44.00,8,17.60,28.16,352.00,341.44,Ewallet,Branch C,Naypyitaw,"Marcus Vance",3.8
TRX-80720,INV-2026-10720,2026-08-28,09:31,CUST-1162,Member,Male,PRD-31,"Polarized UV400 Sunglasses","Fashion Accessories",46.00,4,9.20,0.00,184.00,193.20,Cash,Branch C,Naypyitaw,"Marcus Vance",3.4
TRX-80721,INV-2026-10721,2026-08-29,11:46,CUST-1251,Member,Female,PRD-28,"Raw Organic Wildflower Honey 1kg","Food and Beverages",19.00,6,5.70,9.12,114.00,110.58,Ewallet,Branch B,Mandalay,"Aisha Patel",3.8
TRX-80722,INV-2026-10722,2026-05-14,19:37,CUST-1190,Member,Female,PRD-28,"Raw Organic Wildflower Honey 1kg","Food and Beverages",19.00,5,4.75,7.60,95.00,92.15,Credit card,Branch C,Naypyitaw,"Marcus Vance",4.7
TRX-80723,INV-2026-10723,2026-04-26,17:03,CUST-1208,Normal,Female,PRD-02,"Hydrating Face Cream SPF 30","Health and Beauty",28.00,7,9.80,0.00,196.00,205.80,Cash,Branch C,Naypyitaw,"Marcus Vance",3.5
TRX-80724,INV-2026-10724,2026-04-27,15:43,CUST-1078,Member,Female,PRD-19,"Vacuum Insulated Water Bottle 1L","Sports and Travel",29.50,3,4.42,0.00,88.50,92.92,Ewallet,Branch C,Naypyitaw,"Marcus Vance",3.3
TRX-80725,INV-2026-10725,2026-06-10,19:03,CUST-1236,Normal,Female,PRD-02,"Hydrating Face Cream SPF 30","Health and Beauty",28.00,6,8.40,0.00,168.00,176.40,Cash,Branch B,Mandalay,"David Kim",3.9
TRX-80726,INV-2026-10726,2026-06-16,09:48,CUST-1235,Normal,Female,PRD-01,"Organic Argan Hair Serum","Health and Beauty",34.50,6,10.35,0.00,207.00,217.35,Cash,Branch B,Mandalay,"Aisha Patel",4.9
TRX-80727,INV-2026-10727,2026-07-09,11:55,CUST-1482,Normal,Female,PRD-03,"Vitamin C Brightening Cleanser","Health and Beauty",19.50,1,0.98,0.00,19.50,20.48,Credit card,Branch B,Mandalay,"Aisha Patel",3.6
TRX-80728,INV-2026-10728,2026-07-18,12:59,CUST-1495,Member,Male,PRD-02,"Hydrating Face Cream SPF 30","Health and Beauty",28.00,5,7.00,0.00,140.00,147.00,Ewallet,Branch B,Mandalay,"Aisha Patel",3.5
TRX-80729,INV-2026-10729,2026-04-29,10:23,CUST-1316,Normal,Female,PRD-01,"Organic Argan Hair Serum","Health and Beauty",34.50,1,1.73,0.00,34.50,36.23,Ewallet,Branch A,Yangon,"Sarah Jenkins",3.2
TRX-80730,INV-2026-10730,2026-05-22,17:20,CUST-1406,Member,Female,PRD-31,"Polarized UV400 Sunglasses","Fashion Accessories",46.00,2,4.60,7.36,92.00,89.24,Cash,Branch B,Mandalay,"Aisha Patel",4.5
TRX-80731,INV-2026-10731,2026-05-18,15:11,CUST-1081,Member,Female,PRD-02,"Hydrating Face Cream SPF 30","Health and Beauty",28.00,1,1.40,0.00,28.00,29.40,Ewallet,Branch A,Yangon,"Sarah Jenkins",3.7
TRX-80732,INV-2026-10732,2026-05-26,09:42,CUST-1448,Member,Female,PRD-25,"Artisan Dark Roast Coffee Beans 500g","Food and Beverages",18.50,7,6.48,10.36,129.50,125.62,Credit card,Branch A,Yangon,"Sarah Jenkins",3.6
TRX-80733,INV-2026-10733,2026-08-14,10:33,CUST-1148,Normal,Male,PRD-13,"Aroma Diffuser Ambient LED","Home and Lifestyle",48.00,6,14.40,0.00,288.00,302.40,Cash,Branch A,Yangon,"Sarah Jenkins",4.7
TRX-80734,INV-2026-10734,2026-04-13,17:00,CUST-1426,Normal,Female,PRD-03,"Vitamin C Brightening Cleanser","Health and Beauty",19.50,4,3.90,0.00,78.00,81.90,Credit card,Branch B,Mandalay,"David Kim",3.5
TRX-80735,INV-2026-10735,2026-05-16,11:49,CUST-1141,Member,Female,PRD-13,"Aroma Diffuser Ambient LED","Home and Lifestyle",48.00,3,7.20,0.00,144.00,151.20,Ewallet,Branch A,Yangon,"Sarah Jenkins",4.1
TRX-80736,INV-2026-10736,2026-07-18,18:48,CUST-1267,Member,Male,PRD-07,"Magnetic Wireless Charging Pad","Electronic Accessories",38.00,1,1.90,3.04,38.00,36.86,Credit card,Branch B,Mandalay,"Aisha Patel",4.1
TRX-80737,INV-2026-10737,2026-06-27,12:08,CUST-1354,Member,Female,PRD-04,"Bamboo Charcoal Toothpaste Pack","Health and Beauty",12.00,1,0.60,0.00,12.00,12.60,Cash,Branch A,Yangon,"Sarah Jenkins",4.0
TRX-80738,INV-2026-10738,2026-09-09,13:22,CUST-1029,Member,Female,PRD-08,"Active Noise Cancelling Earbuds","Electronic Accessories",79.99,7,28.00,0.00,559.93,587.93,Credit card,Branch A,Yangon,"Emily Chen",4.9
TRX-80739,INV-2026-10739,2026-05-27,12:35,CUST-1123,Member,Female,PRD-28,"Raw Organic Wildflower Honey 1kg","Food and Beverages",19.00,1,0.95,1.52,19.00,18.43,Cash,Branch A,Yangon,"Emily Chen",4.7
TRX-80740,INV-2026-10740,2026-09-06,18:10,CUST-1452,Member,Male,PRD-19,"Vacuum Insulated Water Bottle 1L","Sports and Travel",29.50,5,7.38,11.80,147.50,143.08,Credit card,Branch A,Yangon,"Sarah Jenkins",4.8
TRX-80741,INV-2026-10741,2026-08-20,19:32,CUST-1086,Member,Female,PRD-28,"Raw Organic Wildflower Honey 1kg","Food and Beverages",19.00,8,7.60,12.16,152.00,147.44,Ewallet,Branch A,Yangon,"Emily Chen",4.0
TRX-80742,INV-2026-10742,2026-07-06,15:38,CUST-1008,Normal,Female,PRD-01,"Organic Argan Hair Serum","Health and Beauty",34.50,7,12.08,0.00,241.50,253.58,Cash,Branch B,Mandalay,"David Kim",4.7
TRX-80743,INV-2026-10743,2026-05-13,17:17,CUST-1167,Member,Male,PRD-32,"Genuine Leather Minimalist Wallet","Fashion Accessories",39.00,1,1.95,3.12,39.00,37.83,Ewallet,Branch A,Yangon,"Sarah Jenkins",3.4
TRX-80744,INV-2026-10744,2026-07-08,15:49,CUST-1098,Member,Female,PRD-15,"Egyptian Cotton Bath Towel Set","Home and Lifestyle",52.00,2,5.20,8.32,104.00,100.88,Cash,Branch B,Mandalay,"David Kim",4.9
TRX-80745,INV-2026-10745,2026-09-19,20:22,CUST-1223,Member,Female,PRD-25,"Artisan Dark Roast Coffee Beans 500g","Food and Beverages",18.50,6,5.55,8.88,111.00,107.67,Cash,Branch A,Yangon,"Emily Chen",4.5
TRX-80746,INV-2026-10746,2026-04-23,18:58,CUST-1178,Normal,Male,PRD-32,"Genuine Leather Minimalist Wallet","Fashion Accessories",39.00,3,5.85,0.00,117.00,122.85,Credit card,Branch B,Mandalay,"Aisha Patel",3.4
TRX-80747,INV-2026-10747,2026-04-12,15:43,CUST-1385,Normal,Male,PRD-26,"Ceremonial Grade Matcha Powder","Food and Beverages",27.00,1,1.35,0.00,27.00,28.35,Cash,Branch B,Mandalay,"David Kim",4.3
TRX-80748,INV-2026-10748,2026-06-22,13:17,CUST-1046,Member,Male,PRD-26,"Ceremonial Grade Matcha Powder","Food and Beverages",27.00,7,9.45,15.12,189.00,183.33,Ewallet,Branch B,Mandalay,"Aisha Patel",4.9
TRX-80749,INV-2026-10749,2026-08-28,14:07,CUST-1096,Member,Female,PRD-03,"Vitamin C Brightening Cleanser","Health and Beauty",19.50,7,6.83,0.00,136.50,143.33,Cash,Branch A,Yangon,"Sarah Jenkins",4.7
TRX-80750,INV-2026-10750,2026-08-05,19:36,CUST-1147,Normal,Female,PRD-28,"Raw Organic Wildflower Honey 1kg","Food and Beverages",19.00,4,3.80,0.00,76.00,79.80,Credit card,Branch C,Naypyitaw,"Marcus Vance",3.8
TRX-80751,INV-2026-10751,2026-06-12,15:39,CUST-1013,Normal,Male,PRD-14,"Stainless Steel Pour-Over Kettle","Home and Lifestyle",36.50,8,14.60,0.00,292.00,306.60,Cash,Branch A,Yangon,"Emily Chen",4.6
TRX-80752,INV-2026-10752,2026-04-17,19:50,CUST-1374,Normal,Female,PRD-19,"Vacuum Insulated Water Bottle 1L","Sports and Travel",29.50,1,1.48,0.00,29.50,30.98,Cash,Branch A,Yangon,"Emily Chen",4.2
TRX-80753,INV-2026-10753,2026-06-23,16:17,CUST-1383,Normal,Male,PRD-03,"Vitamin C Brightening Cleanser","Health and Beauty",19.50,7,6.83,0.00,136.50,143.33,Cash,Branch A,Yangon,"Sarah Jenkins",4.3
TRX-80754,INV-2026-10754,2026-07-08,13:00,CUST-1202,Normal,Male,PRD-33,"Stainless Steel Mesh Watch","Fashion Accessories",89.00,8,35.60,0.00,712.00,747.60,Credit card,Branch B,Mandalay,"Aisha Patel",5.0
TRX-80755,INV-2026-10755,2026-07-13,12:52,CUST-1283,Member,Male,PRD-21,"Lightweight Packable Daypack 25L","Sports and Travel",44.00,6,13.20,21.12,264.00,256.08,Ewallet,Branch B,Mandalay,"David Kim",4.9
TRX-80756,INV-2026-10756,2026-07-28,13:43,CUST-1442,Member,Male,PRD-13,"Aroma Diffuser Ambient LED","Home and Lifestyle",48.00,3,7.20,0.00,144.00,151.20,Cash,Branch C,Naypyitaw,"Marcus Vance",5.0
TRX-80757,INV-2026-10757,2026-08-04,18:05,CUST-1393,Normal,Female,PRD-27,"Extra Virgin Cold Pressed Olive Oil","Food and Beverages",22.50,3,3.38,0.00,67.50,70.88,Ewallet,Branch A,Yangon,"Emily Chen",4.4
TRX-80758,INV-2026-10758,2026-06-13,20:32,CUST-1279,Normal,Female,PRD-28,"Raw Organic Wildflower Honey 1kg","Food and Beverages",19.00,4,3.80,0.00,76.00,79.80,Credit card,Branch B,Mandalay,"Aisha Patel",5.0
TRX-80759,INV-2026-10759,2026-08-18,13:06,CUST-1457,Member,Female,PRD-07,"Magnetic Wireless Charging Pad","Electronic Accessories",38.00,2,3.80,0.00,76.00,79.80,Cash,Branch A,Yangon,"Sarah Jenkins",4.8
TRX-80760,INV-2026-10760,2026-08-03,15:49,CUST-1040,Member,Male,PRD-28,"Raw Organic Wildflower Honey 1kg","Food and Beverages",19.00,3,2.85,0.00,57.00,59.85,Cash,Branch C,Naypyitaw,"Marcus Vance",4.6
TRX-80761,INV-2026-10761,2026-08-05,11:59,CUST-1134,Member,Male,PRD-21,"Lightweight Packable Daypack 25L","Sports and Travel",44.00,2,4.40,7.04,88.00,85.36,Credit card,Branch A,Yangon,"Sarah Jenkins",3.9
TRX-80762,INV-2026-10762,2026-09-22,12:55,CUST-1430,Member,Male,PRD-13,"Aroma Diffuser Ambient LED","Home and Lifestyle",48.00,7,16.80,26.88,336.00,325.92,Cash,Branch B,Mandalay,"Aisha Patel",3.8
TRX-80763,INV-2026-10763,2026-07-20,09:29,CUST-1186,Member,Male,PRD-04,"Bamboo Charcoal Toothpaste Pack","Health and Beauty",12.00,2,1.20,0.00,24.00,25.20,Credit card,Branch B,Mandalay,"Aisha Patel",4.5
TRX-80764,INV-2026-10764,2026-06-15,13:38,CUST-1209,Normal,Male,PRD-19,"Vacuum Insulated Water Bottle 1L","Sports and Travel",29.50,5,7.38,0.00,147.50,154.88,Ewallet,Branch B,Mandalay,"David Kim",3.8
TRX-80765,INV-2026-10765,2026-04-07,17:53,CUST-1355,Member,Female,PRD-33,"Stainless Steel Mesh Watch","Fashion Accessories",89.00,2,8.90,14.24,178.00,172.66,Cash,Branch C,Naypyitaw,"Marcus Vance",4.7
TRX-80766,INV-2026-10766,2026-07-05,15:50,CUST-1422,Member,Male,PRD-33,"Stainless Steel Mesh Watch","Fashion Accessories",89.00,6,26.70,42.72,534.00,517.98,Cash,Branch B,Mandalay,"Aisha Patel",4.5
TRX-80767,INV-2026-10767,2026-06-10,17:53,CUST-1311,Member,Female,PRD-27,"Extra Virgin Cold Pressed Olive Oil","Food and Beverages",22.50,2,2.25,0.00,45.00,47.25,Cash,Branch B,Mandalay,"David Kim",3.8
TRX-80768,INV-2026-10768,2026-06-27,18:11,CUST-1453,Normal,Male,PRD-13,"Aroma Diffuser Ambient LED","Home and Lifestyle",48.00,3,7.20,0.00,144.00,151.20,Ewallet,Branch B,Mandalay,"Aisha Patel",4.6
TRX-80769,INV-2026-10769,2026-06-10,18:10,CUST-1198,Member,Male,PRD-13,"Aroma Diffuser Ambient LED","Home and Lifestyle",48.00,4,9.60,0.00,192.00,201.60,Cash,Branch B,Mandalay,"Aisha Patel",3.5
TRX-80770,INV-2026-10770,2026-08-17,13:52,CUST-1073,Normal,Female,PRD-33,"Stainless Steel Mesh Watch","Fashion Accessories",89.00,4,17.80,0.00,356.00,373.80,Ewallet,Branch A,Yangon,"Emily Chen",3.8
TRX-80771,INV-2026-10771,2026-04-22,14:07,CUST-1204,Member,Male,PRD-13,"Aroma Diffuser Ambient LED","Home and Lifestyle",48.00,7,16.80,26.88,336.00,325.92,Ewallet,Branch A,Yangon,"Sarah Jenkins",4.6
TRX-80772,INV-2026-10772,2026-07-29,09:13,CUST-1257,Normal,Male,PRD-08,"Active Noise Cancelling Earbuds","Electronic Accessories",79.99,2,8.00,0.00,159.98,167.98,Cash,Branch A,Yangon,"Sarah Jenkins",4.7
TRX-80773,INV-2026-10773,2026-07-19,09:17,CUST-1273,Member,Female,PRD-08,"Active Noise Cancelling Earbuds","Electronic Accessories",79.99,4,16.00,25.60,319.96,310.36,Cash,Branch A,Yangon,"Emily Chen",4.2
TRX-80774,INV-2026-10774,2026-08-27,19:26,CUST-1448,Normal,Female,PRD-10,"Multi-Port USB 3.0 Hub","Electronic Accessories",45.00,4,9.00,0.00,180.00,189.00,Ewallet,Branch A,Yangon,"Sarah Jenkins",4.0
TRX-80775,INV-2026-10775,2026-07-31,14:04,CUST-1371,Member,Female,PRD-19,"Vacuum Insulated Water Bottle 1L","Sports and Travel",29.50,5,7.38,0.00,147.50,154.88,Cash,Branch B,Mandalay,"David Kim",4.4
TRX-80776,INV-2026-10776,2026-06-25,13:57,CUST-1345,Normal,Male,PRD-25,"Artisan Dark Roast Coffee Beans 500g","Food and Beverages",18.50,3,2.78,0.00,55.50,58.28,Ewallet,Branch C,Naypyitaw,"Marcus Vance",4.0
TRX-80777,INV-2026-10777,2026-05-06,09:02,CUST-1302,Normal,Male,PRD-32,"Genuine Leather Minimalist Wallet","Fashion Accessories",39.00,5,9.75,0.00,195.00,204.75,Credit card,Branch A,Yangon,"Sarah Jenkins",4.1
TRX-80778,INV-2026-10778,2026-05-15,12:28,CUST-1029,Normal,Male,PRD-01,"Organic Argan Hair Serum","Health and Beauty",34.50,8,13.80,0.00,276.00,289.80,Credit card,Branch B,Mandalay,"David Kim",3.9
TRX-80779,INV-2026-10779,2026-07-25,20:31,CUST-1020,Member,Male,PRD-21,"Lightweight Packable Daypack 25L","Sports and Travel",44.00,8,17.60,28.16,352.00,341.44,Credit card,Branch A,Yangon,"Emily Chen",3.3
TRX-80780,INV-2026-10780,2026-05-03,20:26,CUST-1070,Normal,Male,PRD-09,"Braided 65W Fast USB-C Cable","Electronic Accessories",14.50,2,1.45,0.00,29.00,30.45,Cash,Branch A,Yangon,"Emily Chen",4.9
TRX-80781,INV-2026-10781,2026-04-26,12:37,CUST-1289,Normal,Female,PRD-27,"Extra Virgin Cold Pressed Olive Oil","Food and Beverages",22.50,2,2.25,0.00,45.00,47.25,Ewallet,Branch C,Naypyitaw,"Marcus Vance",4.3
TRX-80782,INV-2026-10782,2026-08-29,19:51,CUST-1207,Member,Female,PRD-32,"Genuine Leather Minimalist Wallet","Fashion Accessories",39.00,1,1.95,3.12,39.00,37.83,Ewallet,Branch B,Mandalay,"David Kim",4.1
TRX-80783,INV-2026-10783,2026-09-02,15:56,CUST-1371,Member,Female,PRD-03,"Vitamin C Brightening Cleanser","Health and Beauty",19.50,7,6.83,10.92,136.50,132.41,Ewallet,Branch C,Naypyitaw,"Marcus Vance",3.9
TRX-80784,INV-2026-10784,2026-09-20,12:42,CUST-1458,Normal,Male,PRD-25,"Artisan Dark Roast Coffee Beans 500g","Food and Beverages",18.50,4,3.70,0.00,74.00,77.70,Cash,Branch A,Yangon,"Emily Chen",4.3
TRX-80785,INV-2026-10785,2026-07-22,12:22,CUST-1168,Member,Female,PRD-33,"Stainless Steel Mesh Watch","Fashion Accessories",89.00,2,8.90,0.00,178.00,186.90,Credit card,Branch B,Mandalay,"Aisha Patel",5.0
TRX-80786,INV-2026-10786,2026-05-22,17:21,CUST-1367,Member,Male,PRD-27,"Extra Virgin Cold Pressed Olive Oil","Food and Beverages",22.50,6,6.75,10.80,135.00,130.95,Cash,Branch B,Mandalay,"David Kim",3.3
TRX-80787,INV-2026-10787,2026-09-20,20:01,CUST-1382,Member,Male,PRD-10,"Multi-Port USB 3.0 Hub","Electronic Accessories",45.00,5,11.25,18.00,225.00,218.25,Ewallet,Branch B,Mandalay,"Aisha Patel",4.9
TRX-80788,INV-2026-10788,2026-08-07,16:08,CUST-1359,Normal,Male,PRD-02,"Hydrating Face Cream SPF 30","Health and Beauty",28.00,4,5.60,0.00,112.00,117.60,Cash,Branch A,Yangon,"Emily Chen",4.4
TRX-80789,INV-2026-10789,2026-07-23,12:39,CUST-1295,Normal,Female,PRD-32,"Genuine Leather Minimalist Wallet","Fashion Accessories",39.00,5,9.75,0.00,195.00,204.75,Credit card,Branch C,Naypyitaw,"Marcus Vance",4.0
TRX-80790,INV-2026-10790,2026-09-11,13:12,CUST-1371,Normal,Female,PRD-13,"Aroma Diffuser Ambient LED","Home and Lifestyle",48.00,8,19.20,0.00,384.00,403.20,Credit card,Branch B,Mandalay,"David Kim",4.0
TRX-80791,INV-2026-10791,2026-06-20,19:24,CUST-1009,Normal,Male,PRD-14,"Stainless Steel Pour-Over Kettle","Home and Lifestyle",36.50,3,5.48,0.00,109.50,114.98,Ewallet,Branch C,Naypyitaw,"Marcus Vance",3.5
TRX-80792,INV-2026-10792,2026-08-22,13:50,CUST-1160,Member,Female,PRD-21,"Lightweight Packable Daypack 25L","Sports and Travel",44.00,5,11.00,17.60,220.00,213.40,Credit card,Branch B,Mandalay,"Aisha Patel",4.5
TRX-80793,INV-2026-10793,2026-09-13,16:36,CUST-1160,Normal,Male,PRD-15,"Egyptian Cotton Bath Towel Set","Home and Lifestyle",52.00,7,18.20,0.00,364.00,382.20,Cash,Branch B,Mandalay,"David Kim",4.5
TRX-80794,INV-2026-10794,2026-09-05,11:23,CUST-1014,Member,Male,PRD-09,"Braided 65W Fast USB-C Cable","Electronic Accessories",14.50,5,3.63,5.80,72.50,70.33,Cash,Branch B,Mandalay,"Aisha Patel",5.0
TRX-80795,INV-2026-10795,2026-04-14,16:33,CUST-1261,Member,Male,PRD-27,"Extra Virgin Cold Pressed Olive Oil","Food and Beverages",22.50,4,4.50,0.00,90.00,94.50,Credit card,Branch A,Yangon,"Emily Chen",4.1
TRX-80796,INV-2026-10796,2026-05-30,15:05,CUST-1466,Member,Female,PRD-07,"Magnetic Wireless Charging Pad","Electronic Accessories",38.00,2,3.80,6.08,76.00,73.72,Ewallet,Branch B,Mandalay,"David Kim",3.9
TRX-80797,INV-2026-10797,2026-06-18,19:13,CUST-1260,Normal,Female,PRD-03,"Vitamin C Brightening Cleanser","Health and Beauty",19.50,3,2.93,0.00,58.50,61.43,Credit card,Branch B,Mandalay,"David Kim",4.9
TRX-80798,INV-2026-10798,2026-06-06,09:35,CUST-1389,Member,Male,PRD-09,"Braided 65W Fast USB-C Cable","Electronic Accessories",14.50,8,5.80,9.28,116.00,112.52,Cash,Branch B,Mandalay,"Aisha Patel",3.8
TRX-80799,INV-2026-10799,2026-09-24,19:06,CUST-1104,Normal,Male,PRD-28,"Raw Organic Wildflower Honey 1kg","Food and Beverages",19.00,8,7.60,0.00,152.00,159.60,Ewallet,Branch C,Naypyitaw,"Marcus Vance",3.2
TRX-80800,INV-2026-10800,2026-07-11,14:56,CUST-1127,Member,Male,PRD-32,"Genuine Leather Minimalist Wallet","Fashion Accessories",39.00,2,3.90,6.24,78.00,75.66,Cash,Branch B,Mandalay,"Aisha Patel",3.7
TRX-80801,INV-2026-10801,2026-07-21,10:47,CUST-1230,Member,Male,PRD-02,"Hydrating Face Cream SPF 30","Health and Beauty",28.00,8,11.20,17.92,224.00,217.28,Credit card,Branch A,Yangon,"Emily Chen",4.7
TRX-80802,INV-2026-10802,2026-04-18,10:53,CUST-1276,Member,Female,PRD-25,"Artisan Dark Roast Coffee Beans 500g","Food and Beverages",18.50,1,0.93,0.00,18.50,19.43,Ewallet,Branch C,Naypyitaw,"Marcus Vance",5.0
TRX-80803,INV-2026-10803,2026-05-13,14:29,CUST-1030,Member,Male,PRD-02,"Hydrating Face Cream SPF 30","Health and Beauty",28.00,1,1.40,0.00,28.00,29.40,Ewallet,Branch B,Mandalay,"David Kim",4.0
TRX-80804,INV-2026-10804,2026-07-01,16:56,CUST-1316,Normal,Female,PRD-26,"Ceremonial Grade Matcha Powder","Food and Beverages",27.00,7,9.45,0.00,189.00,198.45,Ewallet,Branch C,Naypyitaw,"Marcus Vance",4.3
TRX-80805,INV-2026-10805,2026-09-24,15:56,CUST-1217,Member,Female,PRD-02,"Hydrating Face Cream SPF 30","Health and Beauty",28.00,8,11.20,17.92,224.00,217.28,Ewallet,Branch B,Mandalay,"David Kim",4.3
TRX-80806,INV-2026-10806,2026-06-15,10:48,CUST-1308,Normal,Female,PRD-27,"Extra Virgin Cold Pressed Olive Oil","Food and Beverages",22.50,1,1.13,0.00,22.50,23.63,Cash,Branch A,Yangon,"Sarah Jenkins",3.7
TRX-80807,INV-2026-10807,2026-06-10,17:52,CUST-1054,Member,Male,PRD-31,"Polarized UV400 Sunglasses","Fashion Accessories",46.00,3,6.90,11.04,138.00,133.86,Credit card,Branch A,Yangon,"Sarah Jenkins",4.2
TRX-80808,INV-2026-10808,2026-09-10,15:29,CUST-1403,Normal,Female,PRD-32,"Genuine Leather Minimalist Wallet","Fashion Accessories",39.00,5,9.75,0.00,195.00,204.75,Ewallet,Branch B,Mandalay,"David Kim",3.9
TRX-80809,INV-2026-10809,2026-09-17,14:06,CUST-1175,Member,Male,PRD-09,"Braided 65W Fast USB-C Cable","Electronic Accessories",14.50,1,0.73,1.16,14.50,14.07,Cash,Branch A,Yangon,"Emily Chen",4.3
TRX-80810,INV-2026-10810,2026-06-04,17:25,CUST-1297,Member,Female,PRD-28,"Raw Organic Wildflower Honey 1kg","Food and Beverages",19.00,7,6.65,10.64,133.00,129.01,Ewallet,Branch A,Yangon,"Emily Chen",4.5
TRX-80811,INV-2026-10811,2026-06-04,18:07,CUST-1150,Normal,Female,PRD-08,"Active Noise Cancelling Earbuds","Electronic Accessories",79.99,1,4.00,0.00,79.99,83.99,Ewallet,Branch A,Yangon,"Emily Chen",3.8
TRX-80812,INV-2026-10812,2026-05-04,14:19,CUST-1199,Member,Male,PRD-07,"Magnetic Wireless Charging Pad","Electronic Accessories",38.00,8,15.20,0.00,304.00,319.20,Cash,Branch B,Mandalay,"David Kim",4.2
TRX-80813,INV-2026-10813,2026-06-12,15:54,CUST-1275,Member,Female,PRD-14,"Stainless Steel Pour-Over Kettle","Home and Lifestyle",36.50,3,5.48,0.00,109.50,114.98,Credit card,Branch A,Yangon,"Sarah Jenkins",3.9
TRX-80814,INV-2026-10814,2026-08-10,12:34,CUST-1147,Member,Female,PRD-04,"Bamboo Charcoal Toothpaste Pack","Health and Beauty",12.00,1,0.60,0.96,12.00,11.64,Credit card,Branch B,Mandalay,"Aisha Patel",4.3
TRX-80815,INV-2026-10815,2026-06-15,18:47,CUST-1337,Member,Female,PRD-19,"Vacuum Insulated Water Bottle 1L","Sports and Travel",29.50,4,5.90,9.44,118.00,114.46,Cash,Branch B,Mandalay,"David Kim",3.7
TRX-80816,INV-2026-10816,2026-09-08,14:53,CUST-1066,Member,Male,PRD-01,"Organic Argan Hair Serum","Health and Beauty",34.50,4,6.90,0.00,138.00,144.90,Credit card,Branch A,Yangon,"Sarah Jenkins",4.6
TRX-80817,INV-2026-10817,2026-06-16,18:34,CUST-1116,Normal,Female,PRD-25,"Artisan Dark Roast Coffee Beans 500g","Food and Beverages",18.50,5,4.63,0.00,92.50,97.13,Credit card,Branch B,Mandalay,"David Kim",4.2
TRX-80818,INV-2026-10818,2026-06-06,19:33,CUST-1206,Normal,Male,PRD-03,"Vitamin C Brightening Cleanser","Health and Beauty",19.50,8,7.80,0.00,156.00,163.80,Ewallet,Branch B,Mandalay,"Aisha Patel",3.5
TRX-80819,INV-2026-10819,2026-07-07,16:22,CUST-1013,Member,Male,PRD-14,"Stainless Steel Pour-Over Kettle","Home and Lifestyle",36.50,7,12.78,0.00,255.50,268.28,Ewallet,Branch A,Yangon,"Emily Chen",4.5
TRX-80820,INV-2026-10820,2026-07-24,09:21,CUST-1020,Normal,Female,PRD-07,"Magnetic Wireless Charging Pad","Electronic Accessories",38.00,8,15.20,0.00,304.00,319.20,Credit card,Branch B,Mandalay,"Aisha Patel",4.9
TRX-80821,INV-2026-10821,2026-07-09,09:03,CUST-1293,Normal,Male,PRD-13,"Aroma Diffuser Ambient LED","Home and Lifestyle",48.00,1,2.40,0.00,48.00,50.40,Ewallet,Branch B,Mandalay,"David Kim",4.2
TRX-80822,INV-2026-10822,2026-07-17,13:23,CUST-1415,Member,Male,PRD-21,"Lightweight Packable Daypack 25L","Sports and Travel",44.00,3,6.60,10.56,132.00,128.04,Credit card,Branch C,Naypyitaw,"Marcus Vance",4.0
TRX-80823,INV-2026-10823,2026-06-09,09:50,CUST-1071,Member,Male,PRD-21,"Lightweight Packable Daypack 25L","Sports and Travel",44.00,2,4.40,7.04,88.00,85.36,Ewallet,Branch A,Yangon,"Emily Chen",4.6
TRX-80824,INV-2026-10824,2026-08-26,18:42,CUST-1194,Normal,Male,PRD-08,"Active Noise Cancelling Earbuds","Electronic Accessories",79.99,5,20.00,0.00,399.95,419.95,Ewallet,Branch B,Mandalay,"David Kim",3.8
TRX-80825,INV-2026-10825,2026-05-06,20:00,CUST-1102,Member,Male,PRD-04,"Bamboo Charcoal Toothpaste Pack","Health and Beauty",12.00,8,4.80,7.68,96.00,93.12,Credit card,Branch A,Yangon,"Emily Chen",4.9
TRX-80826,INV-2026-10826,2026-06-01,10:12,CUST-1363,Normal,Female,PRD-15,"Egyptian Cotton Bath Towel Set","Home and Lifestyle",52.00,8,20.80,0.00,416.00,436.80,Ewallet,Branch B,Mandalay,"Aisha Patel",4.4
TRX-80827,INV-2026-10827,2026-08-20,10:47,CUST-1216,Normal,Male,PRD-21,"Lightweight Packable Daypack 25L","Sports and Travel",44.00,5,11.00,0.00,220.00,231.00,Credit card,Branch C,Naypyitaw,"Marcus Vance",4.4
TRX-80828,INV-2026-10828,2026-06-18,19:10,CUST-1332,Member,Female,PRD-19,"Vacuum Insulated Water Bottle 1L","Sports and Travel",29.50,2,2.95,0.00,59.00,61.95,Credit card,Branch B,Mandalay,"Aisha Patel",4.6
TRX-80829,INV-2026-10829,2026-09-01,15:28,CUST-1345,Member,Female,PRD-09,"Braided 65W Fast USB-C Cable","Electronic Accessories",14.50,8,5.80,0.00,116.00,121.80,Credit card,Branch A,Yangon,"Emily Chen",3.9
TRX-80830,INV-2026-10830,2026-09-10,19:48,CUST-1381,Member,Female,PRD-09,"Braided 65W Fast USB-C Cable","Electronic Accessories",14.50,7,5.08,8.12,101.50,98.46,Cash,Branch A,Yangon,"Sarah Jenkins",4.3
TRX-80831,INV-2026-10831,2026-06-18,15:29,CUST-1187,Member,Male,PRD-19,"Vacuum Insulated Water Bottle 1L","Sports and Travel",29.50,7,10.33,16.52,206.50,200.31,Credit card,Branch B,Mandalay,"David Kim",4.0
TRX-80832,INV-2026-10832,2026-05-25,09:49,CUST-1464,Member,Female,PRD-14,"Stainless Steel Pour-Over Kettle","Home and Lifestyle",36.50,3,5.48,8.76,109.50,106.22,Credit card,Branch A,Yangon,"Sarah Jenkins",3.8
TRX-80833,INV-2026-10833,2026-08-22,09:44,CUST-1215,Member,Male,PRD-13,"Aroma Diffuser Ambient LED","Home and Lifestyle",48.00,8,19.20,0.00,384.00,403.20,Credit card,Branch A,Yangon,"Sarah Jenkins",4.7
TRX-80834,INV-2026-10834,2026-09-13,16:55,CUST-1384,Normal,Male,PRD-13,"Aroma Diffuser Ambient LED","Home and Lifestyle",48.00,5,12.00,0.00,240.00,252.00,Credit card,Branch A,Yangon,"Emily Chen",5.0
TRX-80835,INV-2026-10835,2026-05-20,18:13,CUST-1121,Member,Male,PRD-15,"Egyptian Cotton Bath Towel Set","Home and Lifestyle",52.00,7,18.20,0.00,364.00,382.20,Cash,Branch A,Yangon,"Sarah Jenkins",4.4
TRX-80836,INV-2026-10836,2026-07-13,14:54,CUST-1372,Normal,Male,PRD-10,"Multi-Port USB 3.0 Hub","Electronic Accessories",45.00,6,13.50,0.00,270.00,283.50,Cash,Branch A,Yangon,"Sarah Jenkins",4.8
TRX-80837,INV-2026-10837,2026-09-05,14:15,CUST-1036,Normal,Female,PRD-27,"Extra Virgin Cold Pressed Olive Oil","Food and Beverages",22.50,4,4.50,0.00,90.00,94.50,Ewallet,Branch C,Naypyitaw,"Marcus Vance",4.2
TRX-80838,INV-2026-10838,2026-05-25,12:25,CUST-1418,Normal,Female,PRD-27,"Extra Virgin Cold Pressed Olive Oil","Food and Beverages",22.50,4,4.50,0.00,90.00,94.50,Cash,Branch B,Mandalay,"David Kim",3.9
TRX-80839,INV-2026-10839,2026-08-02,09:45,CUST-1269,Normal,Female,PRD-33,"Stainless Steel Mesh Watch","Fashion Accessories",89.00,3,13.35,0.00,267.00,280.35,Cash,Branch A,Yangon,"Emily Chen",3.5
TRX-80840,INV-2026-10840,2026-04-21,09:04,CUST-1050,Member,Female,PRD-25,"Artisan Dark Roast Coffee Beans 500g","Food and Beverages",18.50,4,3.70,0.00,74.00,77.70,Cash,Branch B,Mandalay,"Aisha Patel",3.5
TRX-80841,INV-2026-10841,2026-07-12,10:35,CUST-1425,Member,Male,PRD-20,"High-Density Non-Slip Yoga Mat","Sports and Travel",35.00,6,10.50,16.80,210.00,203.70,Credit card,Branch A,Yangon,"Emily Chen",4.8
TRX-80842,INV-2026-10842,2026-09-20,17:35,CUST-1180,Normal,Female,PRD-15,"Egyptian Cotton Bath Towel Set","Home and Lifestyle",52.00,8,20.80,0.00,416.00,436.80,Cash,Branch A,Yangon,"Sarah Jenkins",3.3
TRX-80843,INV-2026-10843,2026-05-28,18:55,CUST-1031,Member,Female,PRD-26,"Ceremonial Grade Matcha Powder","Food and Beverages",27.00,1,1.35,2.16,27.00,26.19,Cash,Branch B,Mandalay,"David Kim",4.6
TRX-80844,INV-2026-10844,2026-05-04,20:30,CUST-1300,Normal,Male,PRD-08,"Active Noise Cancelling Earbuds","Electronic Accessories",79.99,4,16.00,0.00,319.96,335.96,Credit card,Branch A,Yangon,"Emily Chen",5.0
TRX-80845,INV-2026-10845,2026-06-18,15:38,CUST-1261,Member,Female,PRD-19,"Vacuum Insulated Water Bottle 1L","Sports and Travel",29.50,6,8.85,0.00,177.00,185.85,Cash,Branch A,Yangon,"Sarah Jenkins",3.7
TRX-80846,INV-2026-10846,2026-06-04,09:41,CUST-1341,Member,Female,PRD-27,"Extra Virgin Cold Pressed Olive Oil","Food and Beverages",22.50,2,2.25,0.00,45.00,47.25,Ewallet,Branch A,Yangon,"Sarah Jenkins",3.3
TRX-80847,INV-2026-10847,2026-06-30,12:11,CUST-1218,Normal,Female,PRD-04,"Bamboo Charcoal Toothpaste Pack","Health and Beauty",12.00,6,3.60,0.00,72.00,75.60,Ewallet,Branch B,Mandalay,"Aisha Patel",4.6
TRX-80848,INV-2026-10848,2026-06-24,20:43,CUST-1365,Normal,Male,PRD-28,"Raw Organic Wildflower Honey 1kg","Food and Beverages",19.00,4,3.80,0.00,76.00,79.80,Ewallet,Branch A,Yangon,"Emily Chen",4.7
TRX-80849,INV-2026-10849,2026-08-12,18:47,CUST-1149,Member,Male,PRD-02,"Hydrating Face Cream SPF 30","Health and Beauty",28.00,5,7.00,0.00,140.00,147.00,Ewallet,Branch A,Yangon,"Sarah Jenkins",3.9
TRX-80850,INV-2026-10850,2026-09-22,16:53,CUST-1057,Normal,Female,PRD-10,"Multi-Port USB 3.0 Hub","Electronic Accessories",45.00,5,11.25,0.00,225.00,236.25,Cash,Branch A,Yangon,"Sarah Jenkins",3.6
TRX-80851,INV-2026-10851,2026-07-16,20:06,CUST-1413,Member,Male,PRD-32,"Genuine Leather Minimalist Wallet","Fashion Accessories",39.00,7,13.65,0.00,273.00,286.65,Ewallet,Branch B,Mandalay,"Aisha Patel",3.3
TRX-80852,INV-2026-10852,2026-09-10,16:36,CUST-1095,Member,Male,PRD-01,"Organic Argan Hair Serum","Health and Beauty",34.50,8,13.80,22.08,276.00,267.72,Cash,Branch A,Yangon,"Sarah Jenkins",4.4
TRX-80853,INV-2026-10853,2026-06-16,11:41,CUST-1376,Normal,Male,PRD-01,"Organic Argan Hair Serum","Health and Beauty",34.50,6,10.35,0.00,207.00,217.35,Ewallet,Branch B,Mandalay,"David Kim",4.7
TRX-80854,INV-2026-10854,2026-06-06,12:25,CUST-1330,Normal,Female,PRD-28,"Raw Organic Wildflower Honey 1kg","Food and Beverages",19.00,7,6.65,0.00,133.00,139.65,Ewallet,Branch A,Yangon,"Emily Chen",3.3
TRX-80855,INV-2026-10855,2026-08-02,15:06,CUST-1149,Normal,Male,PRD-01,"Organic Argan Hair Serum","Health and Beauty",34.50,7,12.08,0.00,241.50,253.58,Credit card,Branch A,Yangon,"Sarah Jenkins",4.2
TRX-80856,INV-2026-10856,2026-07-22,19:32,CUST-1269,Normal,Male,PRD-10,"Multi-Port USB 3.0 Hub","Electronic Accessories",45.00,4,9.00,0.00,180.00,189.00,Ewallet,Branch A,Yangon,"Sarah Jenkins",3.5
TRX-80857,INV-2026-10857,2026-09-16,18:07,CUST-1453,Member,Male,PRD-20,"High-Density Non-Slip Yoga Mat","Sports and Travel",35.00,1,1.75,2.80,35.00,33.95,Cash,Branch B,Mandalay,"David Kim",3.3
TRX-80858,INV-2026-10858,2026-06-01,16:26,CUST-1109,Member,Female,PRD-25,"Artisan Dark Roast Coffee Beans 500g","Food and Beverages",18.50,6,5.55,8.88,111.00,107.67,Credit card,Branch A,Yangon,"Sarah Jenkins",3.3
TRX-80859,INV-2026-10859,2026-08-04,20:29,CUST-1483,Normal,Female,PRD-25,"Artisan Dark Roast Coffee Beans 500g","Food and Beverages",18.50,4,3.70,0.00,74.00,77.70,Ewallet,Branch C,Naypyitaw,"Marcus Vance",4.0
TRX-80860,INV-2026-10860,2026-05-21,20:26,CUST-1281,Normal,Male,PRD-33,"Stainless Steel Mesh Watch","Fashion Accessories",89.00,1,4.45,0.00,89.00,93.45,Credit card,Branch A,Yangon,"Emily Chen",4.8
TRX-80861,INV-2026-10861,2026-07-07,19:16,CUST-1133,Member,Male,PRD-09,"Braided 65W Fast USB-C Cable","Electronic Accessories",14.50,5,3.63,5.80,72.50,70.33,Ewallet,Branch A,Yangon,"Emily Chen",3.4
TRX-80862,INV-2026-10862,2026-08-16,15:05,CUST-1321,Member,Female,PRD-03,"Vitamin C Brightening Cleanser","Health and Beauty",19.50,7,6.83,10.92,136.50,132.41,Cash,Branch A,Yangon,"Sarah Jenkins",3.7
TRX-80863,INV-2026-10863,2026-05-07,20:34,CUST-1201,Member,Female,PRD-28,"Raw Organic Wildflower Honey 1kg","Food and Beverages",19.00,3,2.85,4.56,57.00,55.29,Cash,Branch A,Yangon,"Sarah Jenkins",4.1
TRX-80864,INV-2026-10864,2026-08-24,19:49,CUST-1317,Member,Male,PRD-33,"Stainless Steel Mesh Watch","Fashion Accessories",89.00,8,35.60,56.96,712.00,690.64,Ewallet,Branch B,Mandalay,"David Kim",3.6
TRX-80865,INV-2026-10865,2026-09-08,20:57,CUST-1429,Normal,Female,PRD-07,"Magnetic Wireless Charging Pad","Electronic Accessories",38.00,2,3.80,0.00,76.00,79.80,Cash,Branch A,Yangon,"Emily Chen",3.8
TRX-80866,INV-2026-10866,2026-05-14,11:16,CUST-1330,Member,Female,PRD-02,"Hydrating Face Cream SPF 30","Health and Beauty",28.00,6,8.40,13.44,168.00,162.96,Credit card,Branch A,Yangon,"Sarah Jenkins",3.5
TRX-80867,INV-2026-10867,2026-07-18,19:57,CUST-1072,Normal,Female,PRD-13,"Aroma Diffuser Ambient LED","Home and Lifestyle",48.00,3,7.20,0.00,144.00,151.20,Ewallet,Branch B,Mandalay,"David Kim",3.9
TRX-80868,INV-2026-10868,2026-05-17,14:42,CUST-1387,Normal,Female,PRD-33,"Stainless Steel Mesh Watch","Fashion Accessories",89.00,2,8.90,0.00,178.00,186.90,Credit card,Branch C,Naypyitaw,"Marcus Vance",3.7
TRX-80869,INV-2026-10869,2026-04-20,11:16,CUST-1363,Member,Female,PRD-31,"Polarized UV400 Sunglasses","Fashion Accessories",46.00,4,9.20,0.00,184.00,193.20,Ewallet,Branch A,Yangon,"Emily Chen",3.4
TRX-80870,INV-2026-10870,2026-09-24,20:46,CUST-1213,Normal,Female,PRD-07,"Magnetic Wireless Charging Pad","Electronic Accessories",38.00,6,11.40,0.00,228.00,239.40,Cash,Branch B,Mandalay,"Aisha Patel",4.4
TRX-80871,INV-2026-10871,2026-05-20,14:23,CUST-1154,Member,Female,PRD-08,"Active Noise Cancelling Earbuds","Electronic Accessories",79.99,5,20.00,0.00,399.95,419.95,Cash,Branch B,Mandalay,"David Kim",4.5
TRX-80872,INV-2026-10872,2026-07-10,09:28,CUST-1073,Normal,Male,PRD-07,"Magnetic Wireless Charging Pad","Electronic Accessories",38.00,8,15.20,0.00,304.00,319.20,Credit card,Branch C,Naypyitaw,"Marcus Vance",3.5
TRX-80873,INV-2026-10873,2026-05-28,16:02,CUST-1204,Member,Male,PRD-19,"Vacuum Insulated Water Bottle 1L","Sports and Travel",29.50,4,5.90,9.44,118.00,114.46,Ewallet,Branch B,Mandalay,"David Kim",4.1
TRX-80874,INV-2026-10874,2026-08-12,18:38,CUST-1344,Member,Female,PRD-26,"Ceremonial Grade Matcha Powder","Food and Beverages",27.00,7,9.45,15.12,189.00,183.33,Cash,Branch A,Yangon,"Emily Chen",3.8
TRX-80875,INV-2026-10875,2026-06-23,19:13,CUST-1083,Normal,Male,PRD-03,"Vitamin C Brightening Cleanser","Health and Beauty",19.50,2,1.95,0.00,39.00,40.95,Ewallet,Branch A,Yangon,"Sarah Jenkins",4.3
TRX-80876,INV-2026-10876,2026-04-06,09:20,CUST-1452,Member,Female,PRD-27,"Extra Virgin Cold Pressed Olive Oil","Food and Beverages",22.50,2,2.25,0.00,45.00,47.25,Ewallet,Branch A,Yangon,"Emily Chen",4.9
TRX-80877,INV-2026-10877,2026-09-04,14:51,CUST-1158,Member,Male,PRD-10,"Multi-Port USB 3.0 Hub","Electronic Accessories",45.00,7,15.75,25.20,315.00,305.55,Ewallet,Branch B,Mandalay,"David Kim",3.8
TRX-80878,INV-2026-10878,2026-07-26,16:58,CUST-1317,Member,Female,PRD-04,"Bamboo Charcoal Toothpaste Pack","Health and Beauty",12.00,4,2.40,3.84,48.00,46.56,Credit card,Branch A,Yangon,"Emily Chen",4.9
TRX-80879,INV-2026-10879,2026-05-24,15:54,CUST-1475,Member,Male,PRD-08,"Active Noise Cancelling Earbuds","Electronic Accessories",79.99,4,16.00,0.00,319.96,335.96,Cash,Branch B,Mandalay,"Aisha Patel",4.8
TRX-80880,INV-2026-10880,2026-04-16,19:10,CUST-1101,Normal,Female,PRD-14,"Stainless Steel Pour-Over Kettle","Home and Lifestyle",36.50,8,14.60,0.00,292.00,306.60,Ewallet,Branch A,Yangon,"Emily Chen",3.2
TRX-80881,INV-2026-10881,2026-04-21,14:52,CUST-1457,Member,Female,PRD-25,"Artisan Dark Roast Coffee Beans 500g","Food and Beverages",18.50,5,4.63,7.40,92.50,89.73,Credit card,Branch B,Mandalay,"David Kim",4.2
TRX-80882,INV-2026-10882,2026-06-19,17:21,CUST-1371,Member,Male,PRD-09,"Braided 65W Fast USB-C Cable","Electronic Accessories",14.50,7,5.08,8.12,101.50,98.46,Ewallet,Branch B,Mandalay,"David Kim",3.8
TRX-80883,INV-2026-10883,2026-09-17,14:49,CUST-1223,Normal,Female,PRD-03,"Vitamin C Brightening Cleanser","Health and Beauty",19.50,3,2.93,0.00,58.50,61.43,Credit card,Branch A,Yangon,"Emily Chen",3.9
TRX-80884,INV-2026-10884,2026-09-21,13:05,CUST-1053,Member,Male,PRD-13,"Aroma Diffuser Ambient LED","Home and Lifestyle",48.00,7,16.80,0.00,336.00,352.80,Ewallet,Branch B,Mandalay,"David Kim",4.2
TRX-80885,INV-2026-10885,2026-07-16,20:56,CUST-1036,Normal,Female,PRD-19,"Vacuum Insulated Water Bottle 1L","Sports and Travel",29.50,6,8.85,0.00,177.00,185.85,Credit card,Branch A,Yangon,"Sarah Jenkins",4.8
TRX-80886,INV-2026-10886,2026-09-10,20:57,CUST-1136,Member,Male,PRD-31,"Polarized UV400 Sunglasses","Fashion Accessories",46.00,7,16.10,0.00,322.00,338.10,Ewallet,Branch C,Naypyitaw,"Marcus Vance",3.5
TRX-80887,INV-2026-10887,2026-06-04,12:31,CUST-1121,Member,Female,PRD-13,"Aroma Diffuser Ambient LED","Home and Lifestyle",48.00,2,4.80,7.68,96.00,93.12,Credit card,Branch B,Mandalay,"Aisha Patel",3.6
TRX-80888,INV-2026-10888,2026-05-29,11:00,CUST-1467,Member,Male,PRD-32,"Genuine Leather Minimalist Wallet","Fashion Accessories",39.00,5,9.75,15.60,195.00,189.15,Ewallet,Branch A,Yangon,"Sarah Jenkins",3.3
TRX-80889,INV-2026-10889,2026-05-15,12:48,CUST-1101,Member,Male,PRD-28,"Raw Organic Wildflower Honey 1kg","Food and Beverages",19.00,7,6.65,0.00,133.00,139.65,Cash,Branch C,Naypyitaw,"Marcus Vance",4.9
TRX-80890,INV-2026-10890,2026-05-25,12:13,CUST-1133,Member,Female,PRD-21,"Lightweight Packable Daypack 25L","Sports and Travel",44.00,4,8.80,14.08,176.00,170.72,Credit card,Branch C,Naypyitaw,"Marcus Vance",4.4
TRX-80891,INV-2026-10891,2026-08-21,10:39,CUST-1246,Member,Female,PRD-32,"Genuine Leather Minimalist Wallet","Fashion Accessories",39.00,1,1.95,3.12,39.00,37.83,Credit card,Branch C,Naypyitaw,"Marcus Vance",4.4
TRX-80892,INV-2026-10892,2026-08-10,13:38,CUST-1466,Member,Female,PRD-04,"Bamboo Charcoal Toothpaste Pack","Health and Beauty",12.00,7,4.20,6.72,84.00,81.48,Credit card,Branch A,Yangon,"Emily Chen",4.0
TRX-80893,INV-2026-10893,2026-05-30,09:06,CUST-1463,Member,Female,PRD-10,"Multi-Port USB 3.0 Hub","Electronic Accessories",45.00,7,15.75,25.20,315.00,305.55,Cash,Branch A,Yangon,"Sarah Jenkins",3.5
TRX-80894,INV-2026-10894,2026-06-13,17:46,CUST-1249,Member,Female,PRD-28,"Raw Organic Wildflower Honey 1kg","Food and Beverages",19.00,3,2.85,0.00,57.00,59.85,Credit card,Branch B,Mandalay,"David Kim",3.5
TRX-80895,INV-2026-10895,2026-05-18,19:49,CUST-1006,Member,Male,PRD-14,"Stainless Steel Pour-Over Kettle","Home and Lifestyle",36.50,3,5.48,0.00,109.50,114.98,Credit card,Branch B,Mandalay,"Aisha Patel",4.1
TRX-80896,INV-2026-10896,2026-05-21,13:54,CUST-1281,Member,Male,PRD-04,"Bamboo Charcoal Toothpaste Pack","Health and Beauty",12.00,3,1.80,2.88,36.00,34.92,Credit card,Branch C,Naypyitaw,"Marcus Vance",4.8
TRX-80897,INV-2026-10897,2026-04-26,19:31,CUST-1052,Member,Female,PRD-33,"Stainless Steel Mesh Watch","Fashion Accessories",89.00,2,8.90,14.24,178.00,172.66,Credit card,Branch B,Mandalay,"Aisha Patel",3.8
TRX-80898,INV-2026-10898,2026-05-18,12:33,CUST-1353,Member,Female,PRD-09,"Braided 65W Fast USB-C Cable","Electronic Accessories",14.50,3,2.18,3.48,43.50,42.20,Credit card,Branch C,Naypyitaw,"Marcus Vance",4.1
TRX-80899,INV-2026-10899,2026-04-10,18:46,CUST-1413,Member,Male,PRD-13,"Aroma Diffuser Ambient LED","Home and Lifestyle",48.00,8,19.20,30.72,384.00,372.48,Cash,Branch B,Mandalay,"David Kim",4.4
TRX-80900,INV-2026-10900,2026-05-25,15:14,CUST-1456,Member,Female,PRD-19,"Vacuum Insulated Water Bottle 1L","Sports and Travel",29.50,5,7.38,0.00,147.50,154.88,Cash,Branch B,Mandalay,"David Kim",5.0
TRX-80901,INV-2026-10901,2026-08-29,14:54,CUST-1126,Member,Female,PRD-04,"Bamboo Charcoal Toothpaste Pack","Health and Beauty",12.00,4,2.40,3.84,48.00,46.56,Cash,Branch B,Mandalay,"Aisha Patel",3.5
TRX-80902,INV-2026-10902,2026-07-15,13:42,CUST-1010,Member,Male,PRD-04,"Bamboo Charcoal Toothpaste Pack","Health and Beauty",12.00,4,2.40,3.84,48.00,46.56,Cash,Branch B,Mandalay,"Aisha Patel",4.5
TRX-80903,INV-2026-10903,2026-07-13,10:06,CUST-1373,Member,Male,PRD-07,"Magnetic Wireless Charging Pad","Electronic Accessories",38.00,1,1.90,3.04,38.00,36.86,Cash,Branch A,Yangon,"Sarah Jenkins",4.9
TRX-80904,INV-2026-10904,2026-04-06,13:29,CUST-1256,Member,Female,PRD-26,"Ceremonial Grade Matcha Powder","Food and Beverages",27.00,7,9.45,15.12,189.00,183.33,Credit card,Branch B,Mandalay,"Aisha Patel",4.5
TRX-80905,INV-2026-10905,2026-07-05,19:08,CUST-1455,Member,Female,PRD-14,"Stainless Steel Pour-Over Kettle","Home and Lifestyle",36.50,8,14.60,23.36,292.00,283.24,Credit card,Branch A,Yangon,"Sarah Jenkins",3.7
TRX-80906,INV-2026-10906,2026-04-29,10:40,CUST-1376,Member,Male,PRD-14,"Stainless Steel Pour-Over Kettle","Home and Lifestyle",36.50,1,1.83,0.00,36.50,38.33,Ewallet,Branch B,Mandalay,"Aisha Patel",4.1
TRX-80907,INV-2026-10907,2026-07-09,11:03,CUST-1368,Normal,Male,PRD-01,"Organic Argan Hair Serum","Health and Beauty",34.50,6,10.35,0.00,207.00,217.35,Ewallet,Branch A,Yangon,"Emily Chen",3.9
TRX-80908,INV-2026-10908,2026-07-05,18:49,CUST-1004,Normal,Male,PRD-02,"Hydrating Face Cream SPF 30","Health and Beauty",28.00,4,5.60,0.00,112.00,117.60,Credit card,Branch A,Yangon,"Sarah Jenkins",4.6
TRX-80909,INV-2026-10909,2026-05-12,09:18,CUST-1119,Normal,Male,PRD-13,"Aroma Diffuser Ambient LED","Home and Lifestyle",48.00,4,9.60,0.00,192.00,201.60,Credit card,Branch A,Yangon,"Sarah Jenkins",4.8
TRX-80910,INV-2026-10910,2026-09-05,11:15,CUST-1006,Member,Male,PRD-20,"High-Density Non-Slip Yoga Mat","Sports and Travel",35.00,8,14.00,22.40,280.00,271.60,Cash,Branch A,Yangon,"Emily Chen",4.8
TRX-80911,INV-2026-10911,2026-04-06,09:31,CUST-1113,Member,Male,PRD-09,"Braided 65W Fast USB-C Cable","Electronic Accessories",14.50,4,2.90,4.64,58.00,56.26,Credit card,Branch B,Mandalay,"David Kim",4.1
TRX-80912,INV-2026-10912,2026-05-16,15:30,CUST-1282,Normal,Female,PRD-15,"Egyptian Cotton Bath Towel Set","Home and Lifestyle",52.00,4,10.40,0.00,208.00,218.40,Ewallet,Branch B,Mandalay,"Aisha Patel",4.7
TRX-80913,INV-2026-10913,2026-09-25,11:47,CUST-1484,Member,Female,PRD-03,"Vitamin C Brightening Cleanser","Health and Beauty",19.50,5,4.88,0.00,97.50,102.38,Credit card,Branch C,Naypyitaw,"Marcus Vance",3.9
TRX-80914,INV-2026-10914,2026-05-10,10:17,CUST-1062,Member,Male,PRD-27,"Extra Virgin Cold Pressed Olive Oil","Food and Beverages",22.50,8,9.00,14.40,180.00,174.60,Credit card,Branch A,Yangon,"Sarah Jenkins",3.6
TRX-80915,INV-2026-10915,2026-09-20,10:28,CUST-1373,Normal,Female,PRD-13,"Aroma Diffuser Ambient LED","Home and Lifestyle",48.00,6,14.40,0.00,288.00,302.40,Ewallet,Branch B,Mandalay,"Aisha Patel",3.6
TRX-80916,INV-2026-10916,2026-06-24,18:29,CUST-1356,Normal,Female,PRD-20,"High-Density Non-Slip Yoga Mat","Sports and Travel",35.00,6,10.50,0.00,210.00,220.50,Credit card,Branch C,Naypyitaw,"Marcus Vance",3.8
TRX-80917,INV-2026-10917,2026-07-23,09:27,CUST-1095,Member,Female,PRD-14,"Stainless Steel Pour-Over Kettle","Home and Lifestyle",36.50,1,1.83,2.92,36.50,35.41,Credit card,Branch A,Yangon,"Emily Chen",4.7
TRX-80918,INV-2026-10918,2026-05-05,19:10,CUST-1195,Member,Female,PRD-20,"High-Density Non-Slip Yoga Mat","Sports and Travel",35.00,3,5.25,0.00,105.00,110.25,Ewallet,Branch B,Mandalay,"David Kim",3.5
TRX-80919,INV-2026-10919,2026-06-08,12:08,CUST-1141,Normal,Male,PRD-25,"Artisan Dark Roast Coffee Beans 500g","Food and Beverages",18.50,3,2.78,0.00,55.50,58.28,Ewallet,Branch C,Naypyitaw,"Marcus Vance",3.2
TRX-80920,INV-2026-10920,2026-06-07,12:15,CUST-1106,Member,Female,PRD-31,"Polarized UV400 Sunglasses","Fashion Accessories",46.00,3,6.90,11.04,138.00,133.86,Credit card,Branch A,Yangon,"Emily Chen",3.8
TRX-80921,INV-2026-10921,2026-05-11,15:18,CUST-1341,Normal,Female,PRD-26,"Ceremonial Grade Matcha Powder","Food and Beverages",27.00,1,1.35,0.00,27.00,28.35,Credit card,Branch C,Naypyitaw,"Marcus Vance",4.6
TRX-80922,INV-2026-10922,2026-05-03,15:49,CUST-1281,Member,Female,PRD-33,"Stainless Steel Mesh Watch","Fashion Accessories",89.00,2,8.90,14.24,178.00,172.66,Cash,Branch A,Yangon,"Emily Chen",4.1
TRX-80923,INV-2026-10923,2026-09-13,20:14,CUST-1441,Normal,Male,PRD-20,"High-Density Non-Slip Yoga Mat","Sports and Travel",35.00,7,12.25,0.00,245.00,257.25,Ewallet,Branch A,Yangon,"Sarah Jenkins",4.5
TRX-80924,INV-2026-10924,2026-06-28,20:19,CUST-1492,Member,Male,PRD-26,"Ceremonial Grade Matcha Powder","Food and Beverages",27.00,3,4.05,0.00,81.00,85.05,Ewallet,Branch C,Naypyitaw,"Marcus Vance",3.9
TRX-80925,INV-2026-10925,2026-07-24,12:47,CUST-1456,Member,Female,PRD-07,"Magnetic Wireless Charging Pad","Electronic Accessories",38.00,7,13.30,0.00,266.00,279.30,Cash,Branch C,Naypyitaw,"Marcus Vance",3.9
TRX-80926,INV-2026-10926,2026-08-18,16:28,CUST-1441,Member,Female,PRD-09,"Braided 65W Fast USB-C Cable","Electronic Accessories",14.50,3,2.18,0.00,43.50,45.68,Ewallet,Branch C,Naypyitaw,"Marcus Vance",4.3
TRX-80927,INV-2026-10927,2026-05-31,20:48,CUST-1010,Member,Male,PRD-31,"Polarized UV400 Sunglasses","Fashion Accessories",46.00,2,4.60,7.36,92.00,89.24,Ewallet,Branch B,Mandalay,"David Kim",3.5
TRX-80928,INV-2026-10928,2026-04-17,11:28,CUST-1145,Member,Female,PRD-10,"Multi-Port USB 3.0 Hub","Electronic Accessories",45.00,8,18.00,0.00,360.00,378.00,Cash,Branch C,Naypyitaw,"Marcus Vance",4.3
TRX-80929,INV-2026-10929,2026-07-20,15:57,CUST-1174,Member,Male,PRD-15,"Egyptian Cotton Bath Towel Set","Home and Lifestyle",52.00,8,20.80,0.00,416.00,436.80,Cash,Branch B,Mandalay,"David Kim",4.5
TRX-80930,INV-2026-10930,2026-06-16,10:43,CUST-1098,Member,Female,PRD-19,"Vacuum Insulated Water Bottle 1L","Sports and Travel",29.50,7,10.33,16.52,206.50,200.31,Cash,Branch B,Mandalay,"David Kim",4.4
TRX-80931,INV-2026-10931,2026-04-05,19:40,CUST-1457,Member,Female,PRD-15,"Egyptian Cotton Bath Towel Set","Home and Lifestyle",52.00,4,10.40,16.64,208.00,201.76,Credit card,Branch A,Yangon,"Sarah Jenkins",4.0
TRX-80932,INV-2026-10932,2026-05-28,15:01,CUST-1207,Normal,Male,PRD-04,"Bamboo Charcoal Toothpaste Pack","Health and Beauty",12.00,3,1.80,0.00,36.00,37.80,Ewallet,Branch A,Yangon,"Emily Chen",4.8
TRX-80933,INV-2026-10933,2026-07-30,18:13,CUST-1017,Normal,Male,PRD-15,"Egyptian Cotton Bath Towel Set","Home and Lifestyle",52.00,2,5.20,0.00,104.00,109.20,Ewallet,Branch B,Mandalay,"Aisha Patel",3.5
TRX-80934,INV-2026-10934,2026-06-28,17:43,CUST-1255,Normal,Male,PRD-15,"Egyptian Cotton Bath Towel Set","Home and Lifestyle",52.00,4,10.40,0.00,208.00,218.40,Ewallet,Branch A,Yangon,"Sarah Jenkins",4.2
TRX-80935,INV-2026-10935,2026-06-07,12:58,CUST-1039,Normal,Male,PRD-01,"Organic Argan Hair Serum","Health and Beauty",34.50,8,13.80,0.00,276.00,289.80,Ewallet,Branch C,Naypyitaw,"Marcus Vance",4.5
TRX-80936,INV-2026-10936,2026-08-01,16:12,CUST-1213,Normal,Male,PRD-02,"Hydrating Face Cream SPF 30","Health and Beauty",28.00,3,4.20,0.00,84.00,88.20,Credit card,Branch B,Mandalay,"Aisha Patel",3.6
TRX-80937,INV-2026-10937,2026-07-09,16:46,CUST-1268,Normal,Male,PRD-20,"High-Density Non-Slip Yoga Mat","Sports and Travel",35.00,6,10.50,0.00,210.00,220.50,Ewallet,Branch A,Yangon,"Sarah Jenkins",4.0
TRX-80938,INV-2026-10938,2026-09-10,12:13,CUST-1487,Normal,Male,PRD-31,"Polarized UV400 Sunglasses","Fashion Accessories",46.00,7,16.10,0.00,322.00,338.10,Cash,Branch A,Yangon,"Emily Chen",4.2
TRX-80939,INV-2026-10939,2026-07-03,12:35,CUST-1168,Normal,Female,PRD-08,"Active Noise Cancelling Earbuds","Electronic Accessories",79.99,7,28.00,0.00,559.93,587.93,Ewallet,Branch A,Yangon,"Emily Chen",4.8
TRX-80940,INV-2026-10940,2026-04-10,10:39,CUST-1147,Normal,Male,PRD-09,"Braided 65W Fast USB-C Cable","Electronic Accessories",14.50,2,1.45,0.00,29.00,30.45,Credit card,Branch A,Yangon,"Sarah Jenkins",3.4
TRX-80941,INV-2026-10941,2026-05-21,12:53,CUST-1410,Normal,Female,PRD-03,"Vitamin C Brightening Cleanser","Health and Beauty",19.50,5,4.88,0.00,97.50,102.38,Cash,Branch B,Mandalay,"David Kim",4.3
TRX-80942,INV-2026-10942,2026-08-24,13:30,CUST-1300,Member,Male,PRD-13,"Aroma Diffuser Ambient LED","Home and Lifestyle",48.00,3,7.20,11.52,144.00,139.68,Credit card,Branch C,Naypyitaw,"Marcus Vance",3.7
TRX-80943,INV-2026-10943,2026-04-19,16:29,CUST-1076,Member,Female,PRD-07,"Magnetic Wireless Charging Pad","Electronic Accessories",38.00,4,7.60,12.16,152.00,147.44,Credit card,Branch A,Yangon,"Sarah Jenkins",4.3
TRX-80944,INV-2026-10944,2026-08-15,16:28,CUST-1128,Normal,Female,PRD-14,"Stainless Steel Pour-Over Kettle","Home and Lifestyle",36.50,5,9.13,0.00,182.50,191.63,Cash,Branch B,Mandalay,"David Kim",3.3
TRX-80945,INV-2026-10945,2026-05-18,16:42,CUST-1018,Normal,Female,PRD-09,"Braided 65W Fast USB-C Cable","Electronic Accessories",14.50,4,2.90,0.00,58.00,60.90,Credit card,Branch A,Yangon,"Emily Chen",3.8
TRX-80946,INV-2026-10946,2026-07-05,14:18,CUST-1077,Member,Female,PRD-26,"Ceremonial Grade Matcha Powder","Food and Beverages",27.00,7,9.45,15.12,189.00,183.33,Credit card,Branch A,Yangon,"Sarah Jenkins",4.8
TRX-80947,INV-2026-10947,2026-05-27,12:31,CUST-1379,Member,Female,PRD-31,"Polarized UV400 Sunglasses","Fashion Accessories",46.00,1,2.30,0.00,46.00,48.30,Ewallet,Branch B,Mandalay,"Aisha Patel",3.8
TRX-80948,INV-2026-10948,2026-06-25,15:44,CUST-1277,Normal,Female,PRD-33,"Stainless Steel Mesh Watch","Fashion Accessories",89.00,3,13.35,0.00,267.00,280.35,Cash,Branch B,Mandalay,"Aisha Patel",3.4
TRX-80949,INV-2026-10949,2026-05-30,20:09,CUST-1332,Member,Female,PRD-33,"Stainless Steel Mesh Watch","Fashion Accessories",89.00,3,13.35,21.36,267.00,258.99,Cash,Branch C,Naypyitaw,"Marcus Vance",3.5
TRX-80950,INV-2026-10950,2026-07-11,10:10,CUST-1263,Normal,Female,PRD-21,"Lightweight Packable Daypack 25L","Sports and Travel",44.00,7,15.40,0.00,308.00,323.40,Credit card,Branch C,Naypyitaw,"Marcus Vance",3.9
TRX-80951,INV-2026-10951,2026-07-03,19:48,CUST-1450,Normal,Female,PRD-04,"Bamboo Charcoal Toothpaste Pack","Health and Beauty",12.00,2,1.20,0.00,24.00,25.20,Ewallet,Branch B,Mandalay,"David Kim",4.6
TRX-80952,INV-2026-10952,2026-06-03,12:47,CUST-1252,Normal,Female,PRD-01,"Organic Argan Hair Serum","Health and Beauty",34.50,5,8.63,0.00,172.50,181.13,Credit card,Branch A,Yangon,"Emily Chen",4.6
TRX-80953,INV-2026-10953,2026-05-31,10:31,CUST-1050,Member,Female,PRD-10,"Multi-Port USB 3.0 Hub","Electronic Accessories",45.00,8,18.00,28.80,360.00,349.20,Cash,Branch B,Mandalay,"Aisha Patel",3.3
TRX-80954,INV-2026-10954,2026-05-05,17:05,CUST-1253,Normal,Female,PRD-01,"Organic Argan Hair Serum","Health and Beauty",34.50,3,5.18,0.00,103.50,108.68,Credit card,Branch B,Mandalay,"Aisha Patel",3.4
TRX-80955,INV-2026-10955,2026-09-18,09:46,CUST-1168,Normal,Male,PRD-19,"Vacuum Insulated Water Bottle 1L","Sports and Travel",29.50,6,8.85,0.00,177.00,185.85,Cash,Branch A,Yangon,"Emily Chen",4.1
TRX-80956,INV-2026-10956,2026-08-31,14:28,CUST-1444,Normal,Male,PRD-07,"Magnetic Wireless Charging Pad","Electronic Accessories",38.00,8,15.20,0.00,304.00,319.20,Cash,Branch A,Yangon,"Emily Chen",3.5
TRX-80957,INV-2026-10957,2026-08-24,10:19,CUST-1033,Normal,Female,PRD-03,"Vitamin C Brightening Cleanser","Health and Beauty",19.50,6,5.85,0.00,117.00,122.85,Credit card,Branch A,Yangon,"Sarah Jenkins",3.7
TRX-80958,INV-2026-10958,2026-08-31,20:30,CUST-1169,Member,Male,PRD-01,"Organic Argan Hair Serum","Health and Beauty",34.50,7,12.08,19.32,241.50,234.26,Ewallet,Branch A,Yangon,"Emily Chen",3.5
TRX-80959,INV-2026-10959,2026-05-16,09:00,CUST-1049,Normal,Male,PRD-02,"Hydrating Face Cream SPF 30","Health and Beauty",28.00,5,7.00,0.00,140.00,147.00,Credit card,Branch A,Yangon,"Sarah Jenkins",4.9
TRX-80960,INV-2026-10960,2026-09-06,15:03,CUST-1037,Normal,Male,PRD-09,"Braided 65W Fast USB-C Cable","Electronic Accessories",14.50,5,3.63,0.00,72.50,76.13,Ewallet,Branch B,Mandalay,"David Kim",3.9
TRX-80961,INV-2026-10961,2026-09-18,16:38,CUST-1444,Normal,Female,PRD-20,"High-Density Non-Slip Yoga Mat","Sports and Travel",35.00,4,7.00,0.00,140.00,147.00,Cash,Branch A,Yangon,"Sarah Jenkins",4.7
TRX-80962,INV-2026-10962,2026-04-06,16:05,CUST-1082,Normal,Female,PRD-10,"Multi-Port USB 3.0 Hub","Electronic Accessories",45.00,6,13.50,0.00,270.00,283.50,Cash,Branch B,Mandalay,"David Kim",3.4
TRX-80963,INV-2026-10963,2026-05-04,18:40,CUST-1121,Normal,Male,PRD-04,"Bamboo Charcoal Toothpaste Pack","Health and Beauty",12.00,5,3.00,0.00,60.00,63.00,Credit card,Branch B,Mandalay,"Aisha Patel",4.7
TRX-80964,INV-2026-10964,2026-05-10,12:35,CUST-1333,Member,Female,PRD-27,"Extra Virgin Cold Pressed Olive Oil","Food and Beverages",22.50,3,3.38,0.00,67.50,70.88,Cash,Branch C,Naypyitaw,"Marcus Vance",4.2
TRX-80965,INV-2026-10965,2026-06-15,20:24,CUST-1106,Member,Male,PRD-31,"Polarized UV400 Sunglasses","Fashion Accessories",46.00,5,11.50,18.40,230.00,223.10,Ewallet,Branch C,Naypyitaw,"Marcus Vance",4.8
TRX-80966,INV-2026-10966,2026-05-21,13:44,CUST-1495,Normal,Female,PRD-02,"Hydrating Face Cream SPF 30","Health and Beauty",28.00,4,5.60,0.00,112.00,117.60,Ewallet,Branch A,Yangon,"Emily Chen",3.3
TRX-80967,INV-2026-10967,2026-06-29,19:57,CUST-1264,Normal,Male,PRD-15,"Egyptian Cotton Bath Towel Set","Home and Lifestyle",52.00,1,2.60,0.00,52.00,54.60,Cash,Branch B,Mandalay,"David Kim",4.1
TRX-80968,INV-2026-10968,2026-05-23,17:10,CUST-1294,Normal,Male,PRD-14,"Stainless Steel Pour-Over Kettle","Home and Lifestyle",36.50,1,1.83,0.00,36.50,38.33,Cash,Branch B,Mandalay,"Aisha Patel",3.4
TRX-80969,INV-2026-10969,2026-09-07,20:20,CUST-1467,Normal,Male,PRD-26,"Ceremonial Grade Matcha Powder","Food and Beverages",27.00,8,10.80,0.00,216.00,226.80,Credit card,Branch A,Yangon,"Emily Chen",4.1
TRX-80970,INV-2026-10970,2026-08-03,19:19,CUST-1239,Member,Female,PRD-15,"Egyptian Cotton Bath Towel Set","Home and Lifestyle",52.00,5,13.00,20.80,260.00,252.20,Ewallet,Branch C,Naypyitaw,"Marcus Vance",3.5
TRX-80971,INV-2026-10971,2026-09-25,15:03,CUST-1440,Normal,Female,PRD-28,"Raw Organic Wildflower Honey 1kg","Food and Beverages",19.00,6,5.70,0.00,114.00,119.70,Credit card,Branch B,Mandalay,"Aisha Patel",4.1
TRX-80972,INV-2026-10972,2026-05-23,17:24,CUST-1272,Member,Male,PRD-02,"Hydrating Face Cream SPF 30","Health and Beauty",28.00,4,5.60,8.96,112.00,108.64,Ewallet,Branch B,Mandalay,"Aisha Patel",3.7
TRX-80973,INV-2026-10973,2026-09-02,19:06,CUST-1188,Normal,Male,PRD-28,"Raw Organic Wildflower Honey 1kg","Food and Beverages",19.00,4,3.80,0.00,76.00,79.80,Ewallet,Branch A,Yangon,"Sarah Jenkins",4.6
TRX-80974,INV-2026-10974,2026-09-10,10:33,CUST-1130,Normal,Female,PRD-27,"Extra Virgin Cold Pressed Olive Oil","Food and Beverages",22.50,6,6.75,0.00,135.00,141.75,Cash,Branch A,Yangon,"Sarah Jenkins",4.7
TRX-80975,INV-2026-10975,2026-05-25,15:12,CUST-1397,Member,Male,PRD-20,"High-Density Non-Slip Yoga Mat","Sports and Travel",35.00,8,14.00,22.40,280.00,271.60,Credit card,Branch B,Mandalay,"David Kim",3.9
TRX-80976,INV-2026-10976,2026-07-22,13:26,CUST-1137,Member,Male,PRD-14,"Stainless Steel Pour-Over Kettle","Home and Lifestyle",36.50,1,1.83,2.92,36.50,35.41,Cash,Branch A,Yangon,"Sarah Jenkins",3.5
TRX-80977,INV-2026-10977,2026-08-22,18:38,CUST-1112,Member,Female,PRD-25,"Artisan Dark Roast Coffee Beans 500g","Food and Beverages",18.50,1,0.93,1.48,18.50,17.95,Cash,Branch C,Naypyitaw,"Marcus Vance",4.3
TRX-80978,INV-2026-10978,2026-06-23,16:49,CUST-1445,Normal,Female,PRD-19,"Vacuum Insulated Water Bottle 1L","Sports and Travel",29.50,3,4.42,0.00,88.50,92.92,Ewallet,Branch A,Yangon,"Emily Chen",3.6
TRX-80979,INV-2026-10979,2026-05-15,16:36,CUST-1287,Member,Male,PRD-01,"Organic Argan Hair Serum","Health and Beauty",34.50,1,1.73,2.76,34.50,33.47,Ewallet,Branch A,Yangon,"Emily Chen",4.4
TRX-80980,INV-2026-10980,2026-05-18,10:56,CUST-1289,Member,Female,PRD-19,"Vacuum Insulated Water Bottle 1L","Sports and Travel",29.50,7,10.33,16.52,206.50,200.31,Ewallet,Branch A,Yangon,"Sarah Jenkins",3.6
TRX-80981,INV-2026-10981,2026-08-21,09:44,CUST-1143,Member,Female,PRD-20,"High-Density Non-Slip Yoga Mat","Sports and Travel",35.00,2,3.50,0.00,70.00,73.50,Cash,Branch B,Mandalay,"David Kim",4.3
TRX-80982,INV-2026-10982,2026-06-15,17:14,CUST-1139,Member,Female,PRD-28,"Raw Organic Wildflower Honey 1kg","Food and Beverages",19.00,3,2.85,0.00,57.00,59.85,Ewallet,Branch B,Mandalay,"David Kim",3.2
TRX-80983,INV-2026-10983,2026-09-14,10:36,CUST-1376,Normal,Female,PRD-10,"Multi-Port USB 3.0 Hub","Electronic Accessories",45.00,4,9.00,0.00,180.00,189.00,Ewallet,Branch A,Yangon,"Emily Chen",3.3
TRX-80984,INV-2026-10984,2026-08-11,17:17,CUST-1196,Member,Female,PRD-25,"Artisan Dark Roast Coffee Beans 500g","Food and Beverages",18.50,2,1.85,2.96,37.00,35.89,Cash,Branch C,Naypyitaw,"Marcus Vance",3.4
TRX-80985,INV-2026-10985,2026-05-27,18:53,CUST-1003,Member,Male,PRD-27,"Extra Virgin Cold Pressed Olive Oil","Food and Beverages",22.50,5,5.63,0.00,112.50,118.13,Ewallet,Branch A,Yangon,"Sarah Jenkins",5.0
TRX-80986,INV-2026-10986,2026-05-04,17:42,CUST-1450,Member,Male,PRD-01,"Organic Argan Hair Serum","Health and Beauty",34.50,5,8.63,13.80,172.50,167.33,Credit card,Branch A,Yangon,"Sarah Jenkins",4.1
TRX-80987,INV-2026-10987,2026-06-04,11:37,CUST-1057,Normal,Male,PRD-14,"Stainless Steel Pour-Over Kettle","Home and Lifestyle",36.50,7,12.78,0.00,255.50,268.28,Cash,Branch B,Mandalay,"Aisha Patel",3.7
TRX-80988,INV-2026-10988,2026-09-07,15:14,CUST-1494,Member,Female,PRD-28,"Raw Organic Wildflower Honey 1kg","Food and Beverages",19.00,2,1.90,3.04,38.00,36.86,Credit card,Branch B,Mandalay,"Aisha Patel",4.1
TRX-80989,INV-2026-10989,2026-09-12,19:17,CUST-1456,Member,Male,PRD-10,"Multi-Port USB 3.0 Hub","Electronic Accessories",45.00,2,4.50,7.20,90.00,87.30,Credit card,Branch B,Mandalay,"Aisha Patel",4.4
TRX-80990,INV-2026-10990,2026-06-09,13:43,CUST-1351,Member,Male,PRD-07,"Magnetic Wireless Charging Pad","Electronic Accessories",38.00,8,15.20,24.32,304.00,294.88,Credit card,Branch A,Yangon,"Emily Chen",3.4
TRX-80991,INV-2026-10991,2026-05-20,18:49,CUST-1191,Normal,Male,PRD-10,"Multi-Port USB 3.0 Hub","Electronic Accessories",45.00,8,18.00,0.00,360.00,378.00,Cash,Branch A,Yangon,"Sarah Jenkins",3.8
TRX-80992,INV-2026-10992,2026-08-28,17:39,CUST-1181,Member,Male,PRD-31,"Polarized UV400 Sunglasses","Fashion Accessories",46.00,1,2.30,3.68,46.00,44.62,Cash,Branch B,Mandalay,"Aisha Patel",3.8
TRX-80993,INV-2026-10993,2026-08-30,12:56,CUST-1039,Member,Male,PRD-27,"Extra Virgin Cold Pressed Olive Oil","Food and Beverages",22.50,1,1.13,1.80,22.50,21.83,Cash,Branch B,Mandalay,"Aisha Patel",4.3
TRX-80994,INV-2026-10994,2026-05-17,17:13,CUST-1063,Normal,Female,PRD-08,"Active Noise Cancelling Earbuds","Electronic Accessories",79.99,6,24.00,0.00,479.94,503.94,Credit card,Branch B,Mandalay,"David Kim",4.7
TRX-80995,INV-2026-10995,2026-09-18,13:59,CUST-1498,Normal,Female,PRD-02,"Hydrating Face Cream SPF 30","Health and Beauty",28.00,5,7.00,0.00,140.00,147.00,Credit card,Branch A,Yangon,"Emily Chen",4.6
TRX-80996,INV-2026-10996,2026-07-27,19:19,CUST-1255,Member,Female,PRD-03,"Vitamin C Brightening Cleanser","Health and Beauty",19.50,4,3.90,6.24,78.00,75.66,Credit card,Branch A,Yangon,"Sarah Jenkins",4.5
TRX-80997,INV-2026-10997,2026-07-10,18:37,CUST-1109,Normal,Female,PRD-25,"Artisan Dark Roast Coffee Beans 500g","Food and Beverages",18.50,1,0.93,0.00,18.50,19.43,Cash,Branch A,Yangon,"Sarah Jenkins",4.2
TRX-80998,INV-2026-10998,2026-05-20,11:22,CUST-1487,Member,Female,PRD-04,"Bamboo Charcoal Toothpaste Pack","Health and Beauty",12.00,2,1.20,1.92,24.00,23.28,Credit card,Branch A,Yangon,"Emily Chen",3.5
TRX-80999,INV-2026-10999,2026-08-29,16:39,CUST-1451,Member,Female,PRD-32,"Genuine Leather Minimalist Wallet","Fashion Accessories",39.00,4,7.80,12.48,156.00,151.32,Ewallet,Branch A,Yangon,"Emily Chen",4.0
TRX-81000,INV-2026-11000,2026-05-21,11:01,CUST-1259,Normal,Female,PRD-03,"Vitamin C Brightening Cleanser","Health and Beauty",19.50,7,6.83,0.00,136.50,143.33,Cash,Branch B,Mandalay,"Aisha Patel",4.1
TRX-81001,INV-2026-11001,2026-06-05,14:22,CUST-1475,Member,Male,PRD-20,"High-Density Non-Slip Yoga Mat","Sports and Travel",35.00,5,8.75,14.00,175.00,169.75,Credit card,Branch C,Naypyitaw,"Marcus Vance",3.7
TRX-81002,INV-2026-11002,2026-05-22,11:09,CUST-1458,Member,Male,PRD-14,"Stainless Steel Pour-Over Kettle","Home and Lifestyle",36.50,1,1.83,2.92,36.50,35.41,Cash,Branch B,Mandalay,"Aisha Patel",4.4
TRX-81003,INV-2026-11003,2026-07-16,18:17,CUST-1085,Member,Female,PRD-26,"Ceremonial Grade Matcha Powder","Food and Beverages",27.00,3,4.05,6.48,81.00,78.57,Cash,Branch B,Mandalay,"Aisha Patel",3.9
TRX-81004,INV-2026-11004,2026-06-15,10:04,CUST-1247,Member,Female,PRD-20,"High-Density Non-Slip Yoga Mat","Sports and Travel",35.00,7,12.25,19.60,245.00,237.65,Credit card,Branch A,Yangon,"Sarah Jenkins",4.0
TRX-81005,INV-2026-11005,2026-05-12,19:34,CUST-1238,Member,Male,PRD-25,"Artisan Dark Roast Coffee Beans 500g","Food and Beverages",18.50,5,4.63,7.40,92.50,89.73,Credit card,Branch A,Yangon,"Emily Chen",3.6
TRX-81006,INV-2026-11006,2026-07-12,17:33,CUST-1120,Member,Male,PRD-15,"Egyptian Cotton Bath Towel Set","Home and Lifestyle",52.00,1,2.60,4.16,52.00,50.44,Credit card,Branch C,Naypyitaw,"Marcus Vance",3.8
TRX-81007,INV-2026-11007,2026-04-17,09:33,CUST-1449,Member,Male,PRD-01,"Organic Argan Hair Serum","Health and Beauty",34.50,6,10.35,16.56,207.00,200.79,Ewallet,Branch A,Yangon,"Sarah Jenkins",3.2
TRX-81008,INV-2026-11008,2026-08-17,18:30,CUST-1248,Normal,Female,PRD-21,"Lightweight Packable Daypack 25L","Sports and Travel",44.00,5,11.00,0.00,220.00,231.00,Credit card,Branch A,Yangon,"Sarah Jenkins",3.4
TRX-81009,INV-2026-11009,2026-07-08,18:20,CUST-1083,Member,Male,PRD-27,"Extra Virgin Cold Pressed Olive Oil","Food and Beverages",22.50,4,4.50,0.00,90.00,94.50,Cash,Branch C,Naypyitaw,"Marcus Vance",4.5
TRX-81010,INV-2026-11010,2026-09-18,19:29,CUST-1449,Normal,Female,PRD-13,"Aroma Diffuser Ambient LED","Home and Lifestyle",48.00,5,12.00,0.00,240.00,252.00,Ewallet,Branch A,Yangon,"Emily Chen",4.7
TRX-81011,INV-2026-11011,2026-05-02,09:07,CUST-1287,Member,Male,PRD-03,"Vitamin C Brightening Cleanser","Health and Beauty",19.50,4,3.90,0.00,78.00,81.90,Ewallet,Branch A,Yangon,"Sarah Jenkins",3.6
TRX-81012,INV-2026-11012,2026-05-16,20:27,CUST-1192,Member,Female,PRD-13,"Aroma Diffuser Ambient LED","Home and Lifestyle",48.00,4,9.60,15.36,192.00,186.24,Credit card,Branch A,Yangon,"Emily Chen",3.3
TRX-81013,INV-2026-11013,2026-06-15,16:10,CUST-1117,Normal,Female,PRD-07,"Magnetic Wireless Charging Pad","Electronic Accessories",38.00,2,3.80,0.00,76.00,79.80,Credit card,Branch A,Yangon,"Sarah Jenkins",4.9
TRX-81014,INV-2026-11014,2026-09-08,15:39,CUST-1155,Member,Male,PRD-26,"Ceremonial Grade Matcha Powder","Food and Beverages",27.00,1,1.35,2.16,27.00,26.19,Cash,Branch A,Yangon,"Sarah Jenkins",4.7
TRX-81015,INV-2026-11015,2026-07-06,14:34,CUST-1251,Member,Male,PRD-01,"Organic Argan Hair Serum","Health and Beauty",34.50,6,10.35,16.56,207.00,200.79,Cash,Branch B,Mandalay,"Aisha Patel",4.9
TRX-81016,INV-2026-11016,2026-04-16,16:41,CUST-1415,Member,Female,PRD-21,"Lightweight Packable Daypack 25L","Sports and Travel",44.00,1,2.20,3.52,44.00,42.68,Cash,Branch A,Yangon,"Sarah Jenkins",4.0
TRX-81017,INV-2026-11017,2026-06-18,12:12,CUST-1145,Member,Female,PRD-10,"Multi-Port USB 3.0 Hub","Electronic Accessories",45.00,1,2.25,0.00,45.00,47.25,Cash,Branch A,Yangon,"Emily Chen",4.3
TRX-81018,INV-2026-11018,2026-06-18,17:39,CUST-1332,Normal,Male,PRD-15,"Egyptian Cotton Bath Towel Set","Home and Lifestyle",52.00,2,5.20,0.00,104.00,109.20,Ewallet,Branch A,Yangon,"Sarah Jenkins",4.7
TRX-81019,INV-2026-11019,2026-04-19,20:01,CUST-1170,Normal,Female,PRD-04,"Bamboo Charcoal Toothpaste Pack","Health and Beauty",12.00,7,4.20,0.00,84.00,88.20,Ewallet,Branch A,Yangon,"Emily Chen",3.4
TRX-81020,INV-2026-11020,2026-05-11,12:38,CUST-1023,Member,Male,PRD-21,"Lightweight Packable Daypack 25L","Sports and Travel",44.00,7,15.40,24.64,308.00,298.76,Cash,Branch A,Yangon,"Emily Chen",4.9